,Video File,Cluster -1,Cluster 0,Cluster 1,Cluster 2,Cluster 3,Cluster 4,Cluster 5,Cluster 6,Cluster 7,Cluster 8,Cluster 9,Cluster 10,Cluster 11,Cluster 12,Cluster 13,Cluster 14,Cluster 15,Cluster 16,Cluster 17,Cluster 18,Cluster 19,Cluster 20,Cluster 21,Cluster 22,Cluster 23,Cluster 24,Cluster 25,Cluster 26,Cluster 27,Cluster 28,Cluster 29,Cluster 30,Cluster 31,Cluster 32,Cluster 33,Cluster 34,Cluster 35,Cluster 36,Cluster 37,Cluster 38,Cluster 39,Cluster 40,Cluster 41,Cluster 42,Cluster 43,Cluster 44,Cluster 45,Cluster 46,Cluster 47,Cluster 48,Cluster 49,Cluster 50,Cluster 51,Cluster 52,Cluster 53,Cluster 54,Cluster 55,Cluster 56,Cluster 57,Cluster 58,Cluster 59,Cluster 60,Cluster 61,Cluster 62,Cluster 63,Cluster 64,Cluster 65
0,10BYmidfd_antmovie200928223820,0.8769907477627787,0.0,0.0,0.0,0.0,0.0,0.0,0.0,0.0,0.0,0.0,0.026543303503716063,0.0,0.0,0.022144698923100257,0.0,0.0,0.0,0.0,0.0,0.0009100561201274078,0.0,0.0,0.0,0.0,0.0,0.0,0.0,0.0,0.0,0.0,0.0,0.0,0.0,0.0,0.0,0.018504474442590627,0.0,0.0,0.0,0.0,0.0,0.0,0.0,0.0,0.00015167602002123465,0.0,0.0,0.0,0.0,0.0,0.0,0.025633247383588655,0.0,0.0,0.0,0.004853632640679509,0.024268163203397544,0.0,0.0,0.0,0.0,0.0,0.0,0.0,0.0,0.0
1,fr_no_antennae_antmovie200927211714,0.9919148936170212,0.0,0.0,0.0,0.0,0.0,0.0,0.0,0.0,0.0,0.0,0.0010334346504559271,0.0,0.0,0.0,0.0,0.0,0.0,0.0,0.0,0.0,0.0,0.0,0.0,0.0,0.0,0.0,0.0,0.0,0.004984802431610942,0.0,0.0,0.0,0.0,0.0,0.0,0.0,0.0,0.0,0.0,0.0,0.0,0.0,0.0,0.0,0.0,0.0,0.0,0.0,0.0,0.0,0.0,0.0019452887537993921,0.0,0.0,0.0,0.00012158054711246201,0.0,0.0,0.0,0.0,0.0,0.0,0.0,0.0,0.0,0.0
2,00AAmidfr_antmovie200926195039,0.6379978850898836,0.0,0.0,0.0,0.0,0.0,0.0,0.0,0.0,0.0,0.0,0.031018681706027493,0.0,0.0,0.040535777229467745,0.0,0.0,0.0,0.0,0.0,0.013218188227000353,0.0,0.0,0.0,0.0,0.0,0.0,0.0,0.0,0.021854071201973916,0.0,0.0,0.0,0.0,0.0,0.0,0.0,0.18805075784279168,0.0,0.011808248149453648,0.0,0.0,0.0,0.0,0.0,0.008988367994360239,0.0,0.0,0.0,0.00035248501938667606,0.0,0.0,0.010574550581600282,0.0,0.0,0.0,0.03560098695805428,0.0,0.0,0.0,0.0,0.0,0.0,0.0,0.0,0.0,0.0
3,04WTmidfr_antmovie201010202950,0.7058156197754956,0.0,0.0,0.0,0.0,0.0,0.0,0.0,0.0,0.0,0.0,0.04024361117745402,0.0,0.0,0.07582994984475758,0.0,0.0,0.0,0.0,0.0,0.0005970862192500597,0.0,0.0,0.0,0.0,0.0,0.0,0.0,0.0,0.0,0.0,0.0,0.0,0.0,0.0,0.0,0.0023883448770002386,0.0,0.0,0.0,0.0,0.0,0.0,0.0,0.0,0.0038213518032003822,0.0,0.007881538094100788,0.0,0.00011941724385001195,0.0,0.0,0.05284213040363028,0.0,0.0,0.0,0.035944590398853594,0.07451636016240745,0.0,0.0,0.0,0.0,0.0,0.0,0.0,0.0,0.0
4,06WRmajfd_antmovie200929211318,0.2554993530172921,0.0,0.0,0.0,0.0,0.0,0.0,0.0,0.0,0.0,0.0,0.0877543818374309,0.0,0.0,0.1526879190683449,0.0,0.0,0.0,0.0,0.0,0.024467709681213975,0.0,0.0,0.0,0.0,0.0,0.0,0.0,0.0,0.0005881660981061052,0.02058581343371368,0.0,0.0,0.0,0.0,0.0,0.0,0.007293259616515704,0.0,0.0,0.0,0.019527114457122692,0.0,0.0,0.0,0.010234090107046229,0.0,0.0003528996588636631,0.0,0.005293494882954946,0.0,0.0,0.16056934478296672,0.0,0.0,0.0,0.06975649923538407,0.18538995412304435,0.0,0.0,0.0,0.0,0.0,0.0,0.0,0.0,0.0
5,04Ydmidfd_antmovie200924204640,0.6374108612177729,0.0,0.0,0.0,0.0,0.0,0.0,0.0,0.0,0.0,0.0,0.04754068385445237,0.0,0.0,0.0005485463521667581,0.0,0.0,0.0,0.0,0.0,0.16602669592247213,0.0,0.0,0.0,0.0,0.0,0.0,0.0,0.0,0.0,0.0,0.0,0.0,0.0,0.0,0.0,0.0,0.0,0.0,0.004936917169500823,0.0,0.0,0.0,0.0,0.0,0.07259096727006766,0.0,0.058145913329676356,0.0,0.004022673249222892,0.0,0.0,0.0005485463521667581,0.0,0.0,0.0,0.008228195282501372,0.0,0.0,0.0,0.0,0.0,0.0,0.0,0.0,0.0,0.0
6,09dWminfr_antmovie200926223927,0.9996939462569627,0.0,0.0,0.0,0.0,0.0,0.0,0.0,0.0,0.0,0.0,6.121074860745546e-05,0.0,0.0,0.0,0.0,0.0,0.0,0.0,0.0,0.0,0.0,0.0,0.0,0.0,0.0,0.0,0.0,0.0,0.0,0.0,0.0,0.0,0.0,0.0,0.0,0.0,0.0,0.0,0.0,0.0,0.0,0.0,0.0,0.0,0.0,0.0,0.0,0.0,0.0,0.0,0.0,0.0001836322458223664,0.0,0.0,0.0,6.121074860745546e-05,0.0,0.0,0.0,0.0,0.0,0.0,0.0,0.0,0.0,0.0
7,01BWmidfd_antmovie200929190558,0.876173954656936,0.0,0.0,0.0,0.0,0.0,0.0,0.0,0.0,0.0,0.0,0.01381826882813902,0.0,0.0,0.03900221331578633,0.0,0.0,0.0,0.0,0.003260154333911587,0.0,0.0,0.0,0.0,0.0,0.0,0.0,0.0,0.0,0.0,0.0,0.0,0.0,0.0,0.0,0.0,0.0,0.0,0.0,0.0,0.0,0.0,0.0,0.0,0.0,0.0,0.0,0.0,0.0,0.0,0.0,0.0,0.026260692708021775,0.0,0.0,0.0,0.00391816713525154,0.0375665490219537,0.0,0.0,0.0,0.0,0.0,0.0,0.0,0.0,0.0
8,07YTminfd_antmovie200928211544,1.0,0.0,0.0,0.0,0.0,0.0,0.0,0.0,0.0,0.0,0.0,0.0,0.0,0.0,0.0,0.0,0.0,0.0,0.0,0.0,0.0,0.0,0.0,0.0,0.0,0.0,0.0,0.0,0.0,0.0,0.0,0.0,0.0,0.0,0.0,0.0,0.0,0.0,0.0,0.0,0.0,0.0,0.0,0.0,0.0,0.0,0.0,0.0,0.0,0.0,0.0,0.0,0.0,0.0,0.0,0.0,0.0,0.0,0.0,0.0,0.0,0.0,0.0,0.0,0.0,0.0,0.0
9,15RTmidfd_antmovie200927234753,0.613199162868037,0.0,0.0,0.0,0.0,0.0,0.0,0.0,0.0,0.0,0.0,0.06570912531177432,0.0,0.0,0.0980189788136808,0.0,0.0,0.0,0.0,0.0,0.019007482583641523,0.0,0.0,0.0,0.0,0.0,0.0,0.0,0.0,0.0,0.0,0.0,0.0,0.0,0.0,0.0,0.0018348097818296494,0.0,0.0,0.0,0.0,0.0,0.0,0.0,0.0,0.010177460508586337,0.0,0.01327370201542387,0.0,0.0027808835755855623,0.0,0.0,0.06120810756572346,0.0,0.0,0.0,0.05639173188842063,0.058398555087296806,0.0,0.0,0.0,0.0,0.0,0.0,0.0,0.0,0.0
10,13RGmajfd_antmovie200927225925,0.4097119763936109,0.0,0.0,0.0,0.0,0.0,0.0,0.0,0.0,0.0,0.0,0.0983385720700494,0.0,0.0,0.13554429405349927,0.0,0.0,0.0,0.0,0.0,0.007376996600166785,0.0,0.0,0.0,0.0,0.0,0.0,0.0,0.0,0.0035602027070370133,0.0,0.0,0.0,0.0,0.0,0.0,0.01292578099942267,0.017319905061261145,0.0,0.0023093206748348192,0.0,0.0,0.0,0.0,0.0,0.011674898967220475,0.0,0.009429726088908847,0.0,0.0028866508435435242,0.0,0.0,0.09933286291615882,0.0,0.0,0.0,0.186926679068574,0.0026621335557123612,0.0,0.0,0.0,0.0,0.0,0.0,0.0,0.0,0.0
11,newant_antmovie200924212211,1.0,0.0,0.0,0.0,0.0,0.0,0.0,0.0,0.0,0.0,0.0,0.0,0.0,0.0,0.0,0.0,0.0,0.0,0.0,0.0,0.0,0.0,0.0,0.0,0.0,0.0,0.0,0.0,0.0,0.0,0.0,0.0,0.0,0.0,0.0,0.0,0.0,0.0,0.0,0.0,0.0,0.0,0.0,0.0,0.0,0.0,0.0,0.0,0.0,0.0,0.0,0.0,0.0,0.0,0.0,0.0,0.0,0.0,0.0,0.0,0.0,0.0,0.0,0.0,0.0,0.0,0.0
12,03BPmajfd_antmovie200929202854,0.3556241426611797,0.0,0.0,0.0,0.0,0.0,0.0,0.0,0.0,0.0,0.0,0.0775034293552812,0.0,0.0,0.14111796982167352,0.0,0.0,0.0,0.0,0.0,0.0,0.0,0.0,0.0,0.0,0.0,0.0,0.0,0.0,0.0,0.0,0.0,0.0,0.0,0.0,0.0,0.0,0.0,0.0,0.0,0.0,0.0,0.0,0.0,0.0,0.0018861454046639231,0.0,0.0,0.0,0.0,0.0,0.0,0.1380315500685871,0.0,0.0,0.0,0.05761316872427984,0.2282235939643347,0.0,0.0,0.0,0.0,0.0,0.0,0.0,0.0,0.0
13,05BOmajfd_antmovie200929205417,0.3078506725226462,0.0,0.0,0.0,0.0,0.0,0.0,0.0,0.0,0.0,0.0,0.1377298929453747,0.0,0.0,0.16737578918473786,0.0,0.0,0.0,0.0,0.0,0.005146856986000549,0.0,0.0,0.0,0.0,0.0,0.0,0.0,0.0,0.0,0.0,0.0,0.0,0.0,0.0,0.0,0.0,0.0,0.0,0.0032253637112270106,0.0,0.0,0.0,0.0,0.0,0.0001372495196266813,0.0,0.0,0.0,0.001372495196266813,0.0,0.0,0.10211364260225089,0.0,0.0,0.0,0.061281910513313206,0.21376612681855614,0.0,0.0,0.0,0.0,0.0,0.0,0.0,0.0,0.0
14,07YTminfr_antmovie200928210913,0.9161315280464216,0.0,0.0,0.0,0.0,0.0,0.0,0.0,0.0,0.0,0.0,0.011760154738878143,0.0,0.0,0.02483558994197292,0.0,0.0,0.0,0.0,0.0,0.0,0.0,0.0,0.0,0.0,0.0,0.0,0.0,0.0,0.0,0.0,0.0,0.0,0.0,0.0,0.0,0.0,0.0,0.0,0.002553191489361702,0.0,0.0,0.0,0.0,0.0,0.0,0.0,0.0,0.0,0.0,0.0,0.0,0.019032882011605416,0.0,0.0,0.0,0.0015473887814313346,0.02413926499032882,0.0,0.0,0.0,0.0,0.0,0.0,0.0,0.0,0.0
15,09OOminfr_antmovie200927212511,0.9468078480224229,0.0,0.0,0.0,0.0,0.0,0.0,0.0,0.0,0.0,0.0,0.00853316723762068,0.0,0.0,0.018312052320149486,0.0,0.0,0.0,0.0,0.0,0.0,0.0,0.0,0.0,0.0,0.0,0.0,0.0,0.0,0.0,0.0,0.0,0.0,0.0,0.0,0.0,0.006353161009031455,0.0,0.0,0.0,0.0,0.0,0.0,0.0,0.0,0.0,0.0,0.0,0.0,0.0,0.0,0.0,0.0029274369355341014,0.0,0.0,0.0,0.00990345686701962,0.0071628776082217375,0.0,0.0,0.0,0.0,0.0,0.0,0.0,0.0,0.0
16,03WPmajfd_antmovie201010201128,0.5345141332039306,0.0,0.0,0.0,0.0,0.0,0.0,0.0,0.0,0.0,0.0,0.08231226495208055,0.0,0.0,0.09025840106757249,0.0,0.0,0.0,0.0,0.0,0.0018197258279752516,0.0,0.0,0.0,0.0,0.0,0.0,0.0,0.0,0.0,0.0,0.0,0.0,0.0,0.00934125925027296,0.0,0.0,0.0,0.0,0.0034574790731529783,0.0,0.0,0.0,0.0,0.0,0.0016984107727769015,0.0,0.0,0.0,0.0,0.0,0.0,0.07218245784301831,0.0,0.0,0.0,0.033968215455538034,0.1704476525536819,0.0,0.0,0.0,0.0,0.0,0.0,0.0,0.0,0.0
17,03dRmajfr_antmovie200924195844,0.524673670805476,0.0,0.07858431497399979,0.0,0.0,0.0,0.0,0.0,0.03671866709115993,0.0,0.0,0.05651066539318688,0.0,0.0,0.07847819165870742,0.0,0.0,0.0,0.0,0.0,0.001591849729385546,0.0,0.009869468322190385,0.0,0.0,0.0,0.0,0.0,0.0,0.0,0.0,0.0,0.0,0.0,0.0,0.0,0.0,0.0,0.0,0.00196328133290884,0.0,0.0,0.0,0.0,0.0,0.004828610845802823,0.0,0.0032367611164172768,0.0,0.0,0.0,0.0,0.06850260002122466,0.0,0.0,0.0,0.07651491032579857,0.058527008383741905,0.0,0.0,0.0,0.0,0.0,0.0,0.0,0.0,0.0
18,frightened_antmovie200927234327,0.5859205776173285,0.0,0.0,0.0,0.0,0.0,0.0,0.0,0.0,0.0,0.0,0.057220216606498196,0.0,0.0,0.09259927797833935,0.0,0.0,0.0,0.01227436823104693,0.0,0.006498194945848376,0.0,0.0,0.0,0.0,0.0,0.0,0.0,0.0,0.0036101083032490976,0.0,0.0,0.0,0.0,0.0,0.0,0.00018050541516245486,0.0,0.0,0.007220216606498195,0.0,0.0,0.0,0.0,0.0,0.028339350180505415,0.0,0.0,0.0,0.0030685920577617327,0.0,0.0,0.07779783393501805,0.0,0.0,0.0,0.05938628158844765,0.06588447653429604,0.0,0.0,0.0,0.0,0.0,0.0,0.0,0.0,0.0
19,03dBmidfr_antmovie200926203136,0.9771590838940676,0.0,0.0,0.0,0.0,0.0,0.0,0.0,0.0,0.0,0.0,0.0019754305821346996,0.0,0.0,0.005247237483795296,0.0,0.0,0.0,0.0,0.0,0.0,0.0,0.0,0.0,0.0,0.0,0.0,0.0,0.0,0.0,0.0,0.0,0.0,0.0,0.0,0.0,0.0,0.0,0.0,0.0,0.0,0.0,0.0,0.0,0.0,0.0,0.0,0.0,0.0,0.0,0.0,0.0,0.007901722328538799,0.0,0.0,0.0,0.007654793505771962,6.173220569170936e-05,0.0,0.0,0.0,0.0,0.0,0.0,0.0,0.0,0.0
20,11RBminfr_antmovie200927221547,0.9953794972893051,0.0,0.0,0.0,0.0,0.0,0.0,0.0,0.0,0.0,0.0,0.0004928536224741252,0.0,0.0,0.0017865943814687037,0.0,0.0,0.0,0.0,0.0,0.0,0.0,0.0,0.0,0.0,0.0,0.0,0.0,0.0,0.0,0.0,0.0,0.0,0.0,0.0,0.0,0.0,0.0,0.0,0.0,0.0,0.0,0.0,0.0,0.0,0.0,0.0,0.0,0.0,0.0,0.0,0.0,0.0004928536224741252,0.0,0.0,0.0,0.0,0.0018482010842779694,0.0,0.0,0.0,0.0,0.0,0.0,0.0,0.0,0.0
21,08WWmidfd_antmovie200926223354,0.7695935636010542,0.0,0.0,0.0,0.0,0.0,0.0,0.0,0.0,0.0,0.0,0.033707865168539325,0.0,0.0,0.04979886253294493,0.0,0.0,0.0,0.0,0.0,0.0,0.0,0.0,0.0,0.0,0.0,0.0,0.0,0.0,0.0,0.0,0.0,0.0,0.0,0.0,0.0,0.0,0.0,0.0,0.006519628242474685,0.0,0.0,0.0,0.0,0.0,0.0019420169232903315,0.0,0.0,0.0,0.0026355943958940213,0.0,0.0,0.049937578027465665,0.0,0.0,0.0,0.05507005132473297,0.03079483978360383,0.0,0.0,0.0,0.0,0.0,0.0,0.0,0.0,0.0
22,02WGmidfd_antmovie201010194713,0.7515022291141694,0.0,0.0,0.0,0.0,0.0,0.0,0.0,0.0,0.0,0.0,0.03469664663694515,0.0,0.0,0.052820314014343867,0.0,0.0,0.0,0.0,0.0,0.0,0.0,0.0,0.0,0.0,0.0,0.0,0.0,0.0,0.0,0.0,0.0,0.0,0.0,0.0,0.0,0.0,0.0,0.0,0.004167474316728048,0.0,0.0,0.0,0.0,0.0,0.0,0.0,0.0,0.0,0.0,0.0,0.0,0.042643923240938165,0.0,0.0,0.0,0.014343865090133747,0.09982554758674161,0.0,0.0,0.0,0.0,0.0,0.0,0.0,0.0,0.0
23,06GRmidfd_antmovie201010211657,0.9976605807862483,0.0,0.0,0.0,0.0,0.0,0.0,0.0,0.0,0.0,0.0,5.085693942938514e-05,0.0,0.0,0.00010171387885877028,0.0,0.0,0.0,0.0,0.0,0.0,0.0,0.0,0.0,0.0,0.0,0.0,0.0,0.0,0.0,0.0,0.0,0.0,0.0,0.0,0.0,0.0,0.0,0.0,0.0,0.00177999288002848,0.0,0.0,0.0,0.0,0.0,0.0,0.0,0.0,0.0,0.0,0.0,0.0,0.0,0.0,0.0,0.00040685551543508114,0.0,0.0,0.0,0.0,0.0,0.0,0.0,0.0,0.0,0.0
24,06WRmajfr_antmovie200929210434,0.27599457504520797,0.0,0.0,0.0,0.0,0.0,0.0,0.0,0.0,0.0,0.0,0.06363019891500904,0.0,0.0,0.1382233273056058,0.0,0.0,0.0,0.0,0.0,0.015427215189873418,0.0,0.0,0.0,0.0,0.0,0.0,0.0,0.0,0.00016952983725135624,0.0076853526220614825,0.0,0.0,0.0,0.0,0.0,0.0022603978300180833,0.0,0.0,0.0023734177215189874,0.0072897830018083185,0.0,0.0,0.0,0.0,0.045207956600361664,0.0,0.016896473779385173,0.0,0.007459312839059674,0.0,0.0,0.15161618444846292,0.0,0.0,0.0,0.05532323688969259,0.21044303797468356,0.0,0.0,0.0,0.0,0.0,0.0,0.0,0.0,0.0
25,03YBmajfd_antmovie200928200603,0.03958529688972667,0.0,0.0,0.0,0.0,0.0,0.0,0.0,0.0,0.001413760603204524,0.0,0.20452403393025448,0.0,0.0,0.11357210179076344,0.0,0.0,0.0,0.0,0.0,0.08529688972667294,0.0,0.0,0.0,0.0,0.0,0.0,0.0,0.0,0.0,0.0,0.0,0.0,0.0,0.0,0.0,0.0,0.0,0.0,0.051837888784165884,0.0,0.0,0.0,0.0,0.0,0.012723845428840716,0.0,0.05372290292177191,0.0,0.08011310084825636,0.0,0.0,0.1239396795475966,0.0,0.0,0.0,0.14090480678605088,0.0589066918001885,0.0,0.0,0.0,0.0,0.0,0.03345900094250707,0.0,0.0,0.0
26,05DDminfr_antmovie200926210700,0.9140676841406769,0.0,0.0,0.0,0.0,0.0,0.0,0.0,0.0,0.0,0.0,0.00858493696084937,0.0,0.0,0.02305905773059058,0.0,0.0,0.0,0.0,0.0,0.0006220968812209689,0.0,0.0,0.0,0.0,0.0,0.0,0.0,0.0,0.0,0.0,0.0,0.0,0.0,0.0,0.0,0.0,0.0,0.0,0.0,0.0,0.0,0.0,0.0,0.0,0.001119774386197744,0.0,0.0,0.0,0.0,0.0,0.004852355673523556,0.022976111479761113,0.0,0.0,0.0,0.021358659588586595,0.0033593231585932314,0.0,0.0,0.0,0.0,0.0,0.0,0.0,0.0,0.0
27,04Ydmidfd_antmovie200924204337,0.9862671660424469,0.0,0.0,0.0,0.0,0.0,0.0,0.0,0.0,0.0,0.0,0.0027743098904147593,0.0,0.0,0.004161464835622139,0.0,0.0,0.0,0.0,0.0,0.0,0.0,0.0,0.0,0.0,0.0,0.0,0.0,0.0,0.0,0.0,0.0,0.0,0.0,0.0,0.0,0.0,0.0,0.0,0.0,0.0,0.0,0.0,0.0,0.0,0.0,0.0,0.0,0.0,0.0,0.0,0.0,0.0024968789013732834,0.0,0.0,0.0,0.00027743098904147595,0.004022749341101401,0.0,0.0,0.0,0.0,0.0,0.0,0.0,0.0,0.0
28,00AAmidfr_antmovie200926192619,0.8014440433212996,0.0,0.0,0.0,0.0,0.0,0.0,0.0,0.0,0.0,0.0,0.0,0.0,0.0,0.0,0.0,0.0,0.0,0.0,0.0,0.0,0.0,0.0,0.0,0.0,0.0,0.0,0.0,0.0,0.0,0.0,0.0,0.0,0.0,0.0,0.0,0.0,0.0,0.0,0.19855595667870035,0.0,0.0,0.0,0.0,0.0,0.0,0.0,0.0,0.0,0.0,0.0,0.0,0.0,0.0,0.0,0.0,0.0,0.0,0.0,0.0,0.0,0.0,0.0,0.0,0.0,0.0,0.0
29,10BYmidfd_antmovie200928222534,0.7387291221901293,0.0,0.0,0.0,0.0,0.0,0.0,0.0,0.0,0.0,0.0,0.03258822051990456,0.0,0.0,0.054627652894637696,0.0,0.0,0.0,0.0,0.0,0.0,0.0,0.0,0.0,0.0,0.0,0.0,0.0,0.0,0.0,0.0,0.0,0.0,0.0,0.0,0.0,0.0,0.0,0.0,0.0,0.0,0.0,0.0,0.0,0.0,0.0,0.0,0.0,0.0,0.0,0.0,0.0,0.06580434509606932,0.0,0.0,0.0,0.033844028632424965,0.0744066306668341,0.0,0.0,0.0,0.0,0.0,0.0,0.0,0.0,0.0
30,06dYmajfd_antmovie200924214927,0.2986594366621479,0.0,3.0125018828136767e-05,0.01259225787016117,0.006687754179846362,0.0020183762614851635,0.0047597529748456095,0.005422503389064619,0.0,9.03750564844103e-05,0.0,0.09808706130441332,0.0,0.0,0.11769844856153035,0.01006175628859768,0.0,0.010935381834613647,0.0,0.0,0.03184214490134056,0.0,0.0,0.0,0.0,0.0,0.0,0.0,0.0,3.0125018828136767e-05,0.004579002861876788,0.0,0.0,0.0,0.0,0.0,0.004639252899533063,0.0,0.0,0.0021087513179695737,0.0,0.003886127428829643,0.0,0.0,0.0,0.04714565446603404,0.0,0.0736556710347944,0.0,0.005091128181955114,0.0,0.0,0.08181955113721946,0.0,0.0,0.0,0.0611236632022895,0.11703569814731134,0.0,0.0,0.0,0.0,0.0,0.0,0.0,0.0,0.0
31,01ROmidfd_antmovie200928192245,0.6555200393410376,0.0,0.0,0.0,0.0,0.0,0.0,0.0,0.0,0.0,0.0,0.045733956233095646,0.0,0.0,0.08753380870420457,0.0,0.0,0.0,0.0,0.0,0.00024588148512417015,0.0,0.0,0.0,0.0,0.0,0.0,0.0,0.0,0.0,0.0,0.0,0.0,0.0,0.0,0.0,0.0,0.0,0.0,0.010572903860339317,0.0,0.0,0.0,0.0,0.0,0.0027046963363658717,0.0,0.0,0.0,0.0,0.0,0.0,0.06392918613228424,0.0,0.0,0.0,0.13375952790754855,0.0,0.0,0.0,0.0,0.0,0.0,0.0,0.0,0.0,0.0
32,03WPmajfr_antmovie201010200214,0.3274038755425148,0.0,0.0,0.0,0.0,0.0,0.0,0.0,0.0,0.0,0.0,0.11498257839721254,0.0,0.0,0.12849196161134543,0.0,0.0,0.0,0.0,0.0,0.010025062656641603,0.0,0.0,0.0,0.0,0.0,0.0,0.0,0.0,0.0007335411699981661,0.0,0.0,0.0,0.0,0.0,0.0,0.0038510911424903724,0.010330704810807506,0.0,0.002506265664160401,0.0,0.0,0.0,0.0,0.0,0.002261751940827679,0.0,0.00018338529249954154,0.0,0.002139495079161318,0.0,0.0,0.12402958616052326,0.0,0.0,0.0,0.13313772235466714,0.1399229781771502,0.0,0.0,0.0,0.0,0.0,0.0,0.0,0.0,0.0
33,05WOmajfr_antmovie201010204948,0.4426338744850981,0.0,0.0,0.0,0.0,0.0,0.0,0.0,0.0,0.0,0.0,0.08680639689847347,0.0,0.0,0.1263629755270172,0.0,0.0,0.0,0.0,0.0,0.0010298037315241094,0.0,0.0,0.0,0.0,0.0,0.0,0.0,0.0,0.000726920281075842,0.0,0.0,0.0,0.0,0.0,0.0,0.0,0.0,0.0,0.007753816331475648,0.0,0.0,0.0,0.005936515628786043,0.0,0.0009086503513448025,0.0,0.006421129149503271,0.0,0.0021201841531378724,0.0,0.0,0.12169857039011388,0.0,0.0,0.0,0.14829173733947176,0.04930942573297795,0.0,0.0,0.0,0.0,0.0,0.0,0.0,0.0,0.0
34,05DDminfd_antmovie200926211835,0.8677436534706195,0.0,0.0,0.0,0.0,0.0,0.0,0.0,0.0,0.0,0.0,0.01278182140955086,0.0,0.0,0.04562400142020238,0.0,0.0,0.0,0.0,0.0,0.0,0.0,0.0,0.0,0.0,0.0,0.0,0.0,0.0,0.0,0.0,0.0,0.0,0.0,0.0,0.0,0.0,0.0,0.0,0.0,0.0,0.0,0.0,0.0,0.0,0.0,0.0,0.0,0.0,0.0,0.0,0.0,0.04455884963607314,0.0,0.0,0.0,0.025031066927037104,0.004260607136516954,0.0,0.0,0.0,0.0,0.0,0.0,0.0,0.0,0.0
35,02XXmidfr_antmovie200929192644,0.3242435799644038,0.0,0.0,0.0,0.0,0.0,0.0,0.0,0.0,0.0,0.0,0.06324688532926519,0.0,0.0,0.07284515636918383,0.0,0.0,0.0,0.0,0.0,0.002669717772692601,0.0,0.0,0.0,0.0,0.0,0.0,0.0,0.0,0.17060767861683193,0.0,0.0,0.0,0.0,0.0,0.0,0.0038774472412916347,0.1777904907195525,0.0,0.0017162471395881006,0.0,0.0,0.0,0.0,0.0,6.356470887363335e-05,0.0,0.0,0.0,0.0,0.0,0.0,0.04449529621154335,0.0,0.0,0.0,0.13062547673531655,0.003686753114670735,0.0,0.0,0.004131706076786168,0.0,0.0,0.0,0.0,0.0,0.0
36,09dWminfd_antmovie200926224729,0.9813674403915995,0.0,0.0,0.0,0.0,0.0,0.0,0.0,0.0,0.0,0.0,0.0011842728564661299,0.0,0.0,0.003394915521869572,0.0,0.0,0.0,0.0,0.0,0.0,0.0,0.0,0.0,0.0,0.0,0.0,0.0,0.0,0.0,0.0,0.0,0.0,0.003394915521869572,0.0,0.0,0.0,0.0,0.0,0.0,0.0,0.0,0.0,0.0,0.0,0.0,0.0,0.0,0.0,0.0,0.0,0.0,0.005329227854097584,0.0,0.0,0.0,0.005329227854097584,0.0,0.0,0.0,0.0,0.0,0.0,0.0,0.0,0.0,0.0
37,09BRmajfr_antmovie200928215349,0.4275101305718145,0.0,0.0,0.0,0.0,0.0,0.0,0.0,0.0,0.0,0.0,0.08267672219720847,0.0,0.0,0.11717694732102657,0.0,0.0,0.0,0.0,0.0,0.014745610085547051,0.0,0.0,0.0,0.0,0.0,0.0,0.0,0.0,0.004164790634849167,0.0,0.0,0.0,0.0,0.0,0.0,0.0011819000450247637,0.008329581269698334,0.0,0.0,0.0,0.0,0.0,0.0,0.0,0.010524538496172894,0.0,0.018291310220621342,0.0,0.001069338135974786,0.0,0.0,0.09826654660063035,0.0,0.0,0.0,0.08864250337685727,0.12742008104457453,0.0,0.0,0.0,0.0,0.0,0.0,0.0,0.0,0.0
38,09BRmajfd_antmovie200928221355,0.3506560065600656,0.0,0.0,0.0,0.0,0.0,0.0,0.0,0.0,0.0,0.0,0.08353833538335384,0.0,0.0,0.12146371463714638,0.0,0.0,0.0,0.0,0.0,0.02921279212792128,0.017732677326773267,0.0,0.0,0.0,0.0,0.0,0.0,0.0,0.0,0.0,0.0,0.0,0.0,0.0,0.0,0.014247642476424764,0.0,0.0,0.041820418204182044,0.017425174251742517,0.0,0.0,0.0,0.0,0.01107011070110701,0.0,0.0002050020500205002,0.0,0.016810168101681018,0.0,0.0,0.0930709307093071,0.0,0.0,0.0,0.03331283312833128,0.16943419434194343,0.0,0.0,0.0,0.0,0.0,0.0,0.0,0.0,0.0
39,07WYminfd_antmovie200929213625,0.7821707212693815,0.0,0.0,0.0,0.0,0.0,0.0,0.0,0.0,0.0,0.0,0.023702143068769135,0.0,0.0,0.0702834381275307,0.0,0.0,0.0,0.0,0.0,0.0,0.0,0.0,0.0,0.0,0.0,0.0,0.0,0.0,0.0,0.0,0.0,0.0,0.0,0.0,0.0,0.0,0.0,0.0,0.003094446456200415,0.0,0.0,0.0,0.0,0.0,0.0,0.0,0.0,0.0,0.0,0.0,0.0,0.04770056292589788,0.0,0.0,0.0,0.010501366165190769,0.05823484873423972,0.0,0.00431247325278994,0.0,0.0,0.0,0.0,0.0,0.0,0.0
40,01Pdminfd_antmovie200927193143,0.9521578461132374,0.0,0.0,0.0,0.0,0.0,0.0,0.0,0.0,0.0025405833443315298,0.0,0.0023426158110069948,0.0,0.0,0.013758743566055167,0.0,0.0,0.0,0.0,0.0,3.2994588887422464e-05,0.0,0.0,0.0,0.0,0.0,0.0,0.0,0.0,0.0006928863666358717,0.0,0.0,0.0,0.0,0.0,0.0,0.0,0.0,0.0,0.0,0.0,0.0,0.0,0.0,0.0,0.0,0.0,0.0,0.0,0.0,0.0,0.0,0.012735911310545071,0.0,0.0,0.0,0.006367955655272536,0.0016827240332585457,0.0,0.0,0.0,0.0,0.0,0.0,0.007687739210769434,0.0,0.0
41,04Ydmidfd_antmovie200924205307,0.9778761061946902,0.0,0.0,0.0,0.0,0.0,0.0,0.0,0.0,0.0,0.0,0.0024821929635225554,0.0,0.0,0.0025901143967191884,0.0,0.0,0.0,0.0,0.0,0.0,0.0,0.0,0.0,0.0,0.0,0.0,0.0,0.0,0.0,0.0,0.0,0.0,0.0,0.0,0.0,0.0,0.0,0.0,0.0016188214979494927,0.0,0.0,0.0,0.0,0.0,0.0,0.0,0.0,0.0,0.0,0.0,0.0,0.002805957263112454,0.0,0.0,0.0,0.002805957263112454,0.00982085042089359,0.0,0.0,0.0,0.0,0.0,0.0,0.0,0.0,0.0
42,02RRmajfr_antmovie200924193332,0.26263762282467146,0.0,0.0,0.0,0.0,0.0,0.0,0.0,0.0,0.0,0.0,0.0710903279270747,0.0,0.0,0.17414466674559015,0.0,0.0,0.0,0.0,0.0,0.007754232271812478,0.0,0.0,0.0,0.0,0.0,0.0,0.0,0.0,0.0,0.0,0.0,0.0,0.0,0.0,0.0,0.0,0.0,0.0,0.0031964010891440747,0.0,0.0,0.0,0.0,0.0,0.007576654433526696,0.0,0.00023677045104770924,0.0,0.0065111874038120045,0.0,0.0,0.17615721557949568,0.0,0.0,0.0,0.04510477092458861,0.23499467266485144,0.0,0.0,0.0,0.010595477684384989,0.0,0.0,0.0,0.0,0.0
43,03PPmajfd_antmovie200927201541,0.7012709481498144,0.0,0.0,0.0,0.0,0.0,0.0,0.0,0.0,0.0,0.0,0.052075132156112924,0.0,0.0,0.06410977392869194,0.0,0.0,0.0,0.0,0.0,0.0,0.0,0.0,0.0,0.0,0.0,0.0,0.0,0.0,0.0,0.0,0.0,0.0,0.0,0.0,0.0,0.0,0.0033741986278258912,0.0,0.0,0.0,0.0,0.0,0.0,0.0,0.0,0.0,0.0,0.0,0.0,0.0,0.0,0.052075132156112924,0.0,0.0,0.0,0.06017320886289506,0.06692160611854685,0.0,0.0,0.0,0.0,0.0,0.0,0.0,0.0,0.0
44,13RGmajfr_antmovie200927225156,0.42326810545523186,0.0,0.0,0.0,0.0,0.0,0.0,0.0,0.0,0.0,0.0,0.11420122066318505,0.0,0.0,0.1345875542691751,0.0,0.0,0.01881331403762663,0.0,0.0,0.0045302963568866796,0.0,0.0,0.0,0.0,0.0,0.0,0.0,0.0,0.0006292078273453721,0.0,0.0,0.0,0.0,0.0,0.0,0.0,0.008997671931038823,0.0,0.0,0.0,0.0,0.0,0.0,0.0,0.0006292078273453721,0.0,0.003964009312275845,0.0,0.003460643050399547,0.0,0.0,0.09022840244132636,0.0,0.0,0.0,0.17592650852576605,0.02076385830239728,0.0,0.0,0.0,0.0,0.0,0.0,0.0,0.0,0.0
45,08GBmajfd_antmovie201010220356,0.46633663366336636,0.0,0.0,0.0,0.0,0.0,0.0,0.0,0.0,0.009900990099009901,0.0,0.06188118811881188,0.0,0.0,0.12574257425742574,0.0,0.0,0.0,0.0,0.0,0.009900990099009901,0.0,0.0,0.0,0.0,0.0,0.0,0.0,0.0,0.0,0.0,0.0,0.0,0.0,0.0,0.0,0.0,0.0,0.0,0.02178217821782178,0.09801980198019802,0.0,0.0,0.0,0.0,0.0049504950495049506,0.0,0.0,0.0,0.019801980198019802,0.0,0.0,0.05891089108910891,0.0,0.0,0.0,0.0797029702970297,0.043069306930693066,0.0,0.0,0.0,0.0,0.0,0.0,0.0,0.0,0.0
46,02dPmajfr_antmovie200927195452,0.5460686808031525,0.0,0.0,0.0,0.0,0.0,0.0,0.0,0.0,0.0,0.0,0.057296553449677864,0.0,0.0,0.08575717770688684,0.0,0.0,0.0,0.0,0.0,0.0,0.0,0.0,0.0,0.0,0.0,0.0,0.0,0.0,0.0010008131606930632,0.0,0.0,0.0,0.0,0.0,0.0,0.005254269093638581,0.0043160067554888345,0.0,0.0027522361919059234,0.0,0.0,0.0,0.0,0.0,0.0,0.0,0.0,0.0,0.0,0.0,0.0,0.10020641771439294,0.0,0.0,0.0,0.029148683305185462,0.16819916181897793,0.0,0.0,0.0,0.0,0.0,0.0,0.0,0.0,0.0
47,02BGmajfr_antmovie200929195124,0.42904734448074827,0.0,0.0,0.0,0.0,0.0,0.0,0.0,0.0,0.0,0.0,0.0925747965917099,0.0,0.0,0.12460759818053686,0.0,0.0,0.0,0.0,0.0,0.016400794413479403,0.0012813120635530783,0.0,0.0,0.0,0.0,0.0,0.0,0.0,0.0,0.0029470177461720804,0.0,0.0,0.0,0.0,0.0,0.0,0.0,0.0019860336985072715,0.004100198603369851,0.0,0.0,0.0,0.0,0.0,0.005253379460567621,0.0,0.008584790825805625,0.0,0.015632007175347556,0.0,0.0,0.0793772823371132,0.0,0.007495675571785508,0.0,0.06355307835223269,0.14433980395925428,0.0,0.0,0.0,0.0,0.0,0.0028188865398167725,0.0,0.0,0.0
48,07GYmajfr_antmovie201010213128,0.36775187825081873,0.0,0.0,0.0,0.0,0.0,0.0,0.0,0.0,0.0,0.0,0.07724908495472933,0.0,0.0,0.13594040968342644,0.0,0.011108970654337635,0.0,0.0,0.0,0.004816027740319784,0.0,0.0,0.0,0.0,0.0,0.0,0.0,0.0,0.0005137096256341103,0.0017979836897193862,0.0,0.0,0.0011558466576767482,0.0,0.0,0.005650805881975213,0.004302318114685674,0.0,0.0,0.0,0.0,0.0,0.0,0.0,0.003403326269825981,0.0,0.0,0.0,0.00610030180440506,0.0,0.010145765106273678,0.12547357606113144,0.0,0.0,0.0,0.19476016181853206,0.0498298336865087,0.0,0.0,0.0,0.0,0.0,0.0,0.0,0.0,0.0
49,06dYmajfr_antmovie200924213953,0.23447970666329498,0.0,0.0,0.0,0.0,0.0,0.0,0.0,0.0,0.0,0.0,0.08951827032494626,0.0,0.0,0.11050701732203819,0.0,0.0,0.006954102920723227,0.0,0.0,0.0911619673789354,0.0,0.0,0.0,0.0,0.0,0.0,0.0,0.0,0.0,0.0,0.0,0.0,0.0,0.0,0.0071437602731065876,0.0,6.321911746112024e-05,0.0,0.006069035276267543,0.0,0.0,0.0,0.0,0.0,0.09331141737261348,0.0,0.11518523201416109,0.0,0.008028827917562271,0.0,0.0,0.07674800859779997,0.0,0.0,0.0,0.08989758502971298,0.06928815273738778,0.0,0.0,0.0,0.0,0.0,0.0016436970539891263,0.0,0.0,0.0
50,04Tdminfd_antmovie200927203026,0.9886334280547662,0.0,0.0,0.0,0.0,0.0,0.0,0.0,0.0,0.0,0.0,0.0010333247222939809,0.0,0.0,0.0038103849134590545,0.0,0.0,0.0,0.0,0.0,0.0,0.0,0.0,0.0,0.0,0.0,0.0,0.0,0.0,0.0,0.0,0.0,0.0,0.0,0.0,0.0,0.0,0.0,0.0,0.0007104107465771118,0.0,0.0,0.0,0.0,0.0,0.0,0.0,0.0,0.0,0.0,0.0,0.0,0.0020020666494445878,0.0,0.0,0.0,0.0,0.0038103849134590545,0.0,0.0,0.0,0.0,0.0,0.0,0.0,0.0,0.0
51,02XXmidfr_antmovie200929192351,0.4302469135802469,0.0,0.0,0.0,0.0,0.0,0.0,0.0,0.0,0.0,0.0,0.014444444444444444,0.0,0.0,0.014074074074074074,0.0,0.0,0.0,0.0,0.0,0.0,0.0,0.0,0.0,0.0,0.0,0.0,0.0,0.0,0.19135802469135801,0.0,0.0,0.0,0.0,0.0,0.0,0.0,0.3254320987654321,0.0,0.0,0.0,0.0,0.0,0.0,0.0,0.0,0.0,0.0,0.0,0.0,0.0,0.0,0.004074074074074074,0.0,0.0,0.0,0.020370370370370372,0.0,0.0,0.0,0.0,0.0,0.0,0.0,0.0,0.0,0.0
52,04Ddminfd_antmovie200926205755,0.9912199630314233,0.0,0.0,0.0,0.0,0.0,0.0,0.0,0.0,0.0,0.0,0.0010782501540357362,0.0,0.0,0.0009242144177449168,0.0,0.0,0.0,0.0,0.0,0.0,0.0,0.0,0.0,0.0,0.0,0.0,0.0,0.0,0.0,0.0,0.0,0.0,0.0,0.0,0.0,0.0,0.0,0.0,0.0,0.0,0.0,0.0,0.0,0.0,0.0,0.0,0.0,0.0,0.0,0.0,0.0,0.0018484288354898336,0.0,0.0,0.0,0.004929143561306223,0.0,0.0,0.0,0.0,0.0,0.0,0.0,0.0,0.0,0.0
53,02WGmidfr_antmovie201010193952,0.87859222686416,0.0,0.0,0.0,0.0,0.0,0.0,0.0,0.0,0.0,0.0,0.020129130269654388,0.0,0.0,0.02386378022534498,0.0,0.0,0.0,0.0,0.0,0.0035447525003164957,0.0,0.0,0.0,0.0,0.0,0.0,0.0,0.0,0.0,0.0,0.0,0.0,0.0,0.0,0.0,0.0029750601341942016,0.0,0.0,0.0027218635270287376,0.0,0.0,0.0,0.0,0.0,0.005886821116597038,0.0,0.0015191796429927839,0.0,0.00037979491074819596,0.0,0.0,0.017660463349791114,0.0,0.0,0.0,0.025066464109380935,0.017660463349791114,0.0,0.0,0.0,0.0,0.0,0.0,0.0,0.0,0.0
54,12RWminfd_antmovie200927224447,1.0,0.0,0.0,0.0,0.0,0.0,0.0,0.0,0.0,0.0,0.0,0.0,0.0,0.0,0.0,0.0,0.0,0.0,0.0,0.0,0.0,0.0,0.0,0.0,0.0,0.0,0.0,0.0,0.0,0.0,0.0,0.0,0.0,0.0,0.0,0.0,0.0,0.0,0.0,0.0,0.0,0.0,0.0,0.0,0.0,0.0,0.0,0.0,0.0,0.0,0.0,0.0,0.0,0.0,0.0,0.0,0.0,0.0,0.0,0.0,0.0,0.0,0.0,0.0,0.0,0.0,0.0
55,04Ddminfr_antmovie200926204443,0.9496514329976762,0.0,0.0,0.0,0.0,0.0,0.0,0.0,0.0,0.0,0.0,0.006584043377226956,0.0,0.0,0.010198812290214304,0.0,0.0,0.0,0.0,0.0,0.0,0.0,0.0,0.0,0.0,0.0,0.0,0.0,0.0,0.0,0.0,0.0,0.0,0.0,0.0,0.0,0.0,0.0,0.0,0.0,0.0,0.0,0.0,0.0,0.0,0.0,0.0,0.0,0.0,0.0,0.0,0.0,0.019493932352181772,0.0,0.0,0.0,0.013813581203201652,0.0002581977794990963,0.0,0.0,0.0,0.0,0.0,0.0,0.0,0.0,0.0
56,07YTminfr_antmovie200928210801,0.9732574679943101,0.0,0.0,0.0,0.0,0.0,0.0,0.0,0.0,0.0,0.0,0.008819345661450925,0.0,0.0,0.004551920341394026,0.0,0.0,0.0,0.0,0.0,0.0,0.0,0.0,0.0,0.0,0.0,0.0,0.0,0.0,0.0,0.0,0.0,0.0,0.0,0.0,0.0,0.0,0.0,0.0,0.0,0.0,0.0,0.0,0.0,0.0,0.0,0.0,0.0,0.0,0.0,0.0,0.0,0.0034139402560455193,0.0,0.0,0.0,0.0,0.00995732574679943,0.0,0.0,0.0,0.0,0.0,0.0,0.0,0.0,0.0
57,02BGmajfd_antmovie200929195924,0.42897068847989095,0.0,0.0,0.0,0.0,0.0,0.0,0.0,0.0,0.0,0.0,0.10770279481935924,0.0,0.0,0.13101567825494206,6.81663258350375e-05,0.0,0.0,0.0,0.0,0.002044989775051125,0.0,0.0,0.0,0.0,0.0,0.0,0.0,0.0,0.0,0.0,0.0,0.0,0.0,0.0,0.0,0.0,0.0,0.013019768234492161,0.0054533060668029995,0.0,0.0,0.0,0.0,0.0,0.006748466257668712,0.0,0.0028629856850715747,0.0,0.0021813224267212,0.0,0.0,0.07832310838445808,0.0,0.0,0.0,0.11131561008861622,0.11029311520109066,0.0,0.0,0.0,0.0,0.0,0.0,0.0,0.0,0.0
58,10GPminfd_antmovie201010224528,0.9995125517913722,0.0,0.0,0.0,0.0,0.0,0.0,0.0,0.0,0.0,0.0,0.0,0.0,0.0,0.0,0.0,0.0,0.0,0.0,0.0,0.0,0.0,0.0,0.0,0.0,0.0,0.0,0.0,0.0,0.0,0.0,0.0,0.0,0.0,0.0,0.0,0.0,0.0,0.0,0.0004874482086278333,0.0,0.0,0.0,0.0,0.0,0.0,0.0,0.0,0.0,0.0,0.0,0.0,0.0,0.0,0.0,0.0,0.0,0.0,0.0,0.0,0.0,0.0,0.0,0.0,0.0,0.0,0.0
59,04BTmajfd_antmovie200929204003,0.5743829219479654,0.0,0.0,0.0,0.0,0.0,0.0,0.0,0.0,0.0,0.0,0.07593951523237714,0.0,0.0,0.09272848565710473,0.0,0.0,0.0,0.0,0.0,0.004447409384033801,0.0,0.0,0.0,0.0,0.0,0.0,0.0,0.0,0.0,0.005114520791638871,0.0,0.0,0.0,0.0,0.0,0.0,0.001890148988214365,0.0,0.00533689126084056,0.0,0.0,0.0,0.0,0.0,0.0,0.0,0.0,0.0,0.0,0.0,0.0,0.07071380920613743,0.0,0.0,0.0,0.054480764954414056,0.11496553257727374,0.0,0.0,0.0,0.0,0.0,0.0,0.0,0.0,0.0
60,14RPminfd_antmovie200927232318,0.9551997649823737,0.0,0.0,0.0,0.0,0.0,0.0,0.0,0.0,0.0,0.0,0.007197414806110458,0.0,0.0,0.0099882491186839,0.0,0.0,0.0,0.0,0.0,0.0002937720329024677,0.0,0.0,0.0,0.0,0.0,0.0,0.0,0.0,0.0,0.0,0.0,0.0,0.0,0.0,0.0,0.0,0.0,0.0,0.0,0.0,0.0,0.0,0.0,0.0,0.0,0.0,0.0,0.0,0.0,0.0,0.0,0.010428907168037602,0.0,0.0,0.0,0.01219153936545241,0.004700352526439483,0.0,0.0,0.0,0.0,0.0,0.0,0.0,0.0,0.0
61,05YGminfd_antmovie200928203953,0.937416282184849,0.0,0.0,0.0,0.0,0.0,0.0,0.0,0.0,0.0,0.0,0.010381009078731953,0.0,0.0,0.015441285905640721,0.0,0.0,0.0,0.0,0.0,0.0,0.0,0.0,0.0,0.0,0.0,0.0,0.0,0.0,0.0,0.0,0.0,0.0,0.0,0.0,0.0,0.0,0.0,0.0,0.0,0.0,0.0,0.0,0.0,0.0,0.0,0.0,0.0,0.0,0.0,0.0,0.0,0.013952969191844024,0.0,0.0,0.0,0.015627325494865306,0.007181128144069058,0.0,0.0,0.0,0.0,0.0,0.0,0.0,0.0,0.0
62,04Ydmidfd_antmovie200924205710,0.8421161825726141,0.0,0.0,0.0,0.0,0.0,0.0,0.0,0.0,0.0,0.0,0.02199170124481328,0.0,0.0,0.023236514522821577,0.0,0.0,0.0,0.0,0.0,0.03402489626556016,0.0,0.0,0.012033195020746889,0.0,0.0,0.0,0.0,0.0,0.0,0.0,0.0,0.0,0.0,0.0,0.0,0.0,0.0,0.0,0.007261410788381743,0.0,0.0,0.0,0.0,0.0,0.014522821576763486,0.0,0.006224066390041493,0.0,0.006224066390041493,0.0,0.0,0.006639004149377593,0.0,0.0,0.0,0.025518672199170124,0.0002074688796680498,0.0,0.0,0.0,0.0,0.0,0.0,0.0,0.0,0.0
63,00AAmidfr_antmovie200926190125,0.9687750200160128,0.0,0.0,0.0,0.0,0.0,0.0,0.0,0.0,0.0,0.0,0.0016012810248198558,0.0,0.0,0.007205764611689352,0.0,0.0,0.0,0.0,0.0,0.0,0.0,0.0,0.0,0.0,0.0,0.0,0.0,0.0,0.0,0.0,0.0,0.0,0.0,0.0,0.0,0.0,0.0,0.0,0.0,0.0,0.0,0.0,0.0,0.0,0.0,0.0,0.0,0.0,0.0,0.0,0.0,0.008807045636509208,0.0,0.0,0.0,0.0,0.013610888710968775,0.0,0.0,0.0,0.0,0.0,0.0,0.0,0.0,0.0
64,04Ydmidfd_antmovie200924205857,0.5746940660355576,0.0,0.0,0.0,0.0,0.0,0.0,0.0,0.0,0.0,0.0,0.0812745324405449,0.0,0.0,0.08450704225352113,0.0,0.0,0.0,0.0,0.0,0.01800969752943893,0.0,0.0,0.0,0.0,0.0,0.0,0.0,0.0,0.0,0.0,0.0,0.0,0.0,0.0,0.0,0.0,0.0,0.0,0.012699145693835142,0.0,0.0,0.0,0.0,0.0,0.0016162549064881089,0.0,0.0011544677903486493,0.0,0.01800969752943893,0.0,0.0,0.07250057723389518,0.0,0.0,0.0,0.08681597783421842,0.048718540752713,0.0,0.0,0.0,0.0,0.0,0.0,0.0,0.0,0.0
65,04YWmajfr_antmovie200928201556,0.7883263009845288,0.0,0.0,0.0,0.0,0.0,0.0,0.0,0.0,0.0,0.0,0.030239099859353025,0.0,0.0,0.057665260196905765,0.0,0.0,0.0,0.0,0.0,0.0,0.0,0.0,0.0,0.0,0.0,0.0,0.0,0.0,0.0,0.0,0.0,0.0,0.0,0.0,0.0,0.0,0.03867791842475387,0.0,0.0,0.0,0.0,0.0,0.0,0.0,0.0,0.0,0.0,0.0,0.0,0.0,0.0,0.03867791842475387,0.0,0.0,0.0,0.04430379746835443,0.002109704641350211,0.0,0.0,0.0,0.0,0.0,0.0,0.0,0.0,0.0
66,01Rdmidfr_antmovie200924190721,0.8610691144708423,0.0,0.0,0.0,0.0,0.0,0.0,0.0,0.0,0.0,0.0,0.01468682505399568,0.0,0.0,0.03412526997840173,0.0,0.0,0.0,0.011609071274298057,0.0,0.0,0.0,0.0,0.0,0.0,0.0,0.0,0.0,0.0,0.0,0.0,0.0,0.0,0.0,0.0,0.0,0.0,0.0,0.0,0.0,0.0,0.0,0.0,0.0,0.0,0.0,0.0,0.0,0.0,0.0,0.0,0.0,0.02392008639308855,0.0,0.0,0.0,0.006047516198704104,0.04854211663066955,0.0,0.0,0.0,0.0,0.0,0.0,0.0,0.0,0.0
67,02RRmajfd_antmovie200924194252,0.37503687533187796,0.0,0.0,0.0,0.0,0.0,0.0,0.0,0.0,0.0098530886777981,0.0,0.0681456133105198,0.0,0.0,0.15921293291639624,0.0,0.0,0.005339548055932504,0.002271520443683993,0.0,0.004779043011387102,0.0,0.0,0.0,0.0,0.0,0.0,0.0,0.0,5.9000531004779045e-05,0.0,0.0,0.0,0.0,0.0,0.0,0.0005015045135406219,0.0,0.001416012744114697,0.002773024957224615,0.0,0.0,0.0,0.0,0.003982535842822586,0.006637559738037643,0.0,0.0021830196471768247,0.0,0.003510531594784353,0.0,0.0,0.12564163077467697,0.0017110153991385922,0.0,0.0,0.0459024131217181,0.16906602159419434,0.0,0.0,0.0,0.0,0.0,0.011977107793970146,0.0,0.0,0.0
68,08GBmajfr_antmovie201010215520,0.7271111111111112,0.0,0.0,0.0,0.0,0.0,0.0,0.0,0.0,0.0,0.0,0.06755555555555555,0.0,0.0,0.029333333333333333,0.0,0.0,0.0,0.0,0.0,0.096,0.0,0.0,0.0,0.0,0.0,0.0,0.0,0.0,0.0,0.0,0.0,0.0,0.0,0.0,0.0,0.0,0.0,0.0,0.0,0.0,0.0,0.0,0.0,0.0,0.018666666666666668,0.0,0.0008888888888888889,0.0,0.0026666666666666666,0.0,0.0,0.028444444444444446,0.0,0.0,0.0,0.020444444444444446,0.008888888888888889,0.0,0.0,0.0,0.0,0.0,0.0,0.0,0.0,0.0
69,10RYfd_left_antn_no_move_antmovie200927215532,0.4458131919538438,0.0,0.0,0.0,0.0,0.0,0.0,0.0,0.0,0.0,0.0,0.08635583970060814,0.0,0.0,0.1349758303446125,0.0,0.0,0.0,0.0,0.0,0.004023078122563543,0.0,0.0,0.0,0.0,0.0,0.0,0.0,0.0,0.0,0.0,0.0,0.0,0.0,0.0,0.0,0.0,0.0,0.0,0.0014345859971932012,0.0,0.0,0.0,0.0,0.0,0.0013722126929674098,0.0,0.00040542647746764384,0.0,0.001559332605644784,0.0,0.0,0.10865429596132856,0.0,0.0,0.0,0.1393731482925308,0.07603305785123966,0.0,0.0,0.0,0.0,0.0,0.0,0.0,0.0,0.0
70,06dYmajfr_antmovie200924213405,0.5111485065208246,0.0,0.0,0.0,0.0,0.0,0.0,0.0,0.0,0.012305427008834666,0.0,0.10422801851072781,0.011989903239377367,0.0,0.09507782919646614,0.012095077829196466,0.0,0.0,0.0,0.0,0.02576777450567943,0.008203618005889778,0.0,0.0,0.0,0.0,0.0,0.0,0.0,0.0,0.0,0.0,0.0,0.0,0.0,0.0,0.0,0.0,0.0,0.004101809002944889,0.0,0.0,0.0,0.0,0.0,0.016196886832141353,0.0,0.014724442574673959,0.0,0.011674379469920067,0.0,0.0,0.03986116954143879,0.0,0.0,0.0,0.0716238956668069,0.04575094657130837,0.0,0.0,0.0,0.0,0.0,0.015250315523769457,0.0,0.0,0.0
71,06dYmajfr_antmovie200924213217,0.0,0.0,0.0,0.0,0.0,0.0,0.0,0.0,0.0,0.5408071748878924,0.0,0.0,0.0,0.0,0.0,0.0,0.0,0.0,0.0,0.0,0.0,0.0,0.0,0.0,0.0,0.0,0.0,0.0,0.0,0.0,0.0,0.0,0.0,0.0,0.0,0.0,0.0,0.0,0.0,0.028400597907324365,0.0,0.0,0.0,0.0,0.0,0.0,0.0,0.0,0.0,0.0,0.0,0.0,0.0,0.0,0.0,0.0,0.0,0.0,0.0,0.0,0.0,0.0,0.0,0.4307922272047833,0.0,0.0,0.0
72,07GYmajfd_antmovie201010214325,0.39444829979181123,0.0,0.0,0.0,0.0,0.0,0.0,0.0,0.0,0.0,0.0,0.07633587786259542,0.0,0.0,0.13143650242886884,0.0,0.0,0.0,0.0,0.0,0.010687022900763359,0.00263705759888966,0.0,0.0,0.0,0.0,0.0,0.0,0.0,0.0,0.0,0.0,0.0,0.0,0.0,0.0,0.008327550312283136,0.0,0.0,0.006523247744621791,0.0,0.0,0.0,0.0,0.0,0.01693268563497571,0.0,0.0,0.0,0.0002775850104094379,0.0,0.0,0.09646079111727966,0.0,0.0,0.0,0.23261623872310896,0.023317140874392784,0.0,0.0,0.0,0.0,0.0,0.0,0.0,0.0,0.0
73,01Rdmidfd_antmovie200924192056,0.7528769673379591,0.0,0.0,0.0,0.0,0.0,0.0,0.0,0.0,0.0,0.0,0.024454222372651886,0.0,0.0,0.07099339989845997,0.0,0.0,0.0,0.0,0.0,0.0,0.0,0.0,0.0,0.0,0.0,0.0,0.0,0.0,0.0,0.0,0.0,0.0,0.0,0.0,0.0,0.0,0.0,0.0,0.0,0.0063885598239972925,0.0,0.0,0.0,0.0,0.0,0.0,0.0,0.0,0.0,0.0,0.0,0.05487392113724827,0.0,0.0,0.0,0.00511930952783889,0.08529361990184464,0.0,0.0,0.0,0.0,0.0,0.0,0.0,0.0,0.0
74,10BYmidfd_antmovie200928223309,0.7594263728576426,0.0,0.0,0.0,0.0,0.0,0.0,0.0,0.0,0.0,0.0,0.03364812871633438,0.0,0.0,0.06743616649178034,0.0,0.0,0.0,0.0,0.0,0.0,0.0,0.0,0.0,0.0,0.0,0.0,0.0,0.0,0.0,0.0,0.0,0.0,0.0,0.0,0.0,0.0,0.0,0.0,0.012801678908709339,0.0,0.0,0.0,0.0,0.0,0.0,0.0,0.0,0.0,0.0,0.0,0.0,0.0465897166841553,0.0,0.0,0.0,0.05694298705841203,0.023154949282966072,0.0,0.0,0.0,0.0,0.0,0.0,0.0,0.0,0.0
75,07Wdmidfd_antmovie200926215810,0.7533898555434109,0.0,0.0,0.0,0.0,0.0,0.0,0.0,0.0,0.0,0.0,0.034356444418185576,0.0,0.0,0.07314407255324806,0.0,0.0,0.0,0.0,0.0,0.0,0.0,0.0,0.0,0.0,0.0,0.0,0.0,0.0,0.0,0.0,0.0,0.0,0.0,0.0,0.0,0.0,0.0005612832708044075,0.0,0.0019201796106466573,0.0,0.0,0.0,0.0,0.0,0.0,0.0,0.0,0.0,0.0,0.0,0.0,0.049392927830787865,0.0,0.0,0.0,0.08525597471271158,0.001979262060205016,0.0,0.0,0.0,0.0,0.0,0.0,0.0,0.0,0.0
76,02YRminfd_antmovie200928193903,0.8871503850830968,0.0,0.0,0.0,0.0,0.0,0.0,0.0,0.0,0.0,0.0,0.010741791649777057,0.0,0.0,0.03364410214835833,0.0,0.0,0.0,0.0,0.0,4.053506282934739e-05,0.0,0.0,0.0,0.0,0.0,0.0,0.0,0.0,0.0,0.0,0.0,0.0,0.0,0.0,0.0,0.0,0.0,0.0,0.0,0.0,0.0,0.0,0.0,0.0,0.0003648155654641265,0.0,8.107012565869477e-05,0.0,0.0,0.0,0.0,0.028779894608836645,0.0,0.0,0.0,0.01706526145115525,0.022132144304823673,0.0,0.0,0.0,0.0,0.0,0.0,0.0,0.0,0.0
77,01ROmidfr_antmovie200928191510,0.5452591354191545,0.0,0.0,0.0,0.0,0.0,0.0,0.0,0.0,0.0,0.0,0.06997850489610699,0.0,0.0,0.11428230236446142,0.0,0.0,0.0,0.0,0.0,0.0005970862192500597,0.004657272510150466,0.0,0.0,0.0,0.0,0.0,0.0,0.0,0.0,0.0,0.0,0.0,0.0014927155481251494,0.0,0.0,0.0,0.005373775973250537,0.0,0.0026868879866252687,0.0,0.0,0.0,0.0,0.0,0.0,0.0,0.0,0.0,0.0,0.0,0.0,0.08580128970623357,0.0,0.0,0.0,0.16413900167184142,0.005732027704800574,0.0,0.0,0.0,0.0,0.0,0.0,0.0,0.0,0.0
78,03dBmidfd_antmovie200926204012,0.9767915309446255,0.0,0.0,0.0,0.0,0.0,0.0,0.0,0.0,0.0,0.0,0.004478827361563518,0.0,0.0,0.004478827361563518,0.0,0.0,0.0,0.0,0.0,0.0,0.0,0.0,0.0,0.0,0.0,0.0,0.0,0.0,0.0,0.0,0.0,0.0,0.0,0.0,0.0,0.0,0.0,0.0,0.0,0.0,0.0,0.0,0.0,0.0,0.0,0.0,0.0,0.0,0.0,0.0,0.0,0.003257328990228013,0.0,0.0,0.0,0.010993485342019544,0.0,0.0,0.0,0.0,0.0,0.0,0.0,0.0,0.0,0.0
79,03dRmajfd_antmovie200924201624,0.5331063459866705,0.0,0.0,0.0,0.0,0.0,0.0,0.0,0.0,0.0,0.0,0.021732831063459867,0.0,0.0,0.05686757461605332,0.0,0.0,0.0,0.0,0.0,0.038539553752535496,0.0,0.0,0.0,0.0,0.0,0.0,0.0,0.0,0.0,0.0,0.0,0.0,0.0,0.0,0.0,0.026006954505940306,0.0001448855404230658,0.01151840046363373,0.0067371776296725585,0.0,0.0,0.0,0.0,0.0,0.08533758330918574,0.01028687337003767,0.01637206606780643,0.0,0.008838017965807013,0.010069545059403072,0.0,0.06932773109243698,0.0,0.0,0.0,0.029266879165459288,0.07584758041147494,0.0,0.0,0.0,0.0,0.0,0.0,0.0,0.0,0.0
80,newant_antmovie200924212457,0.9982443306510607,0.0,0.0,0.0,0.0,0.0,0.0,0.0,0.0,0.0,0.0,0.000731528895391368,0.0,0.0,0.0008778346744696416,0.0,0.0,0.0,0.0,0.0,0.0,0.0,0.0,0.0,0.0,0.0,0.0,0.0,0.0,0.0,0.0,0.0,0.0,0.0,0.0,0.0,0.0,0.0,0.0,0.0,0.0,0.0,0.0,0.0,0.0,0.0,0.0,0.0,0.0,0.0,0.0,0.0,0.0,0.0,0.0,0.0,0.0001463057790782736,0.0,0.0,0.0,0.0,0.0,0.0,0.0,0.0,0.0,0.0
81,01Bdmidfd_antmovie200926200120,0.8922008178548554,0.0,0.0,0.0,0.0,0.0,0.0,0.0,0.0,0.0,0.0,0.013548800315317534,0.0,0.0,0.026703453712371285,0.0,0.0,0.0,0.0,0.0,0.0,0.0,0.0,0.0,0.0,0.0,0.0,0.0,0.0,0.0,0.0,0.0,0.0,0.0,0.0,0.0,0.0,0.0021678080504508057,0.0,0.007390254717445928,0.0,0.0,0.0,0.0,0.0,0.0,0.0,0.0,0.0,0.0,0.0,0.0,0.023106863083214267,0.0,0.0,0.0,0.030497117800660195,0.004384884465684584,0.0,0.0,0.0,0.0,0.0,0.0,0.0,0.0,0.0
82,01Bdmidfr_antmovie200926195414,0.9456204161946217,0.0,0.0,0.0,0.0,0.0,0.0,0.0,0.0,0.0,0.0,0.005545286506469501,0.0,0.0,0.01120982648619641,0.0,0.0,0.0,0.0,0.0,0.0,0.0,0.0,0.0,0.0,0.0,0.0,0.0,0.0,0.0,0.0,0.0,0.0,0.0,0.0,0.0,0.0,0.0,0.0,0.006797447975672291,0.0,0.0,0.0,0.0,0.0,0.0,0.0,0.0,0.0,0.0,0.0,0.0,0.015324071313577008,0.0,0.0,0.0,0.015502951523463121,0.0,0.0,0.0,0.0,0.0,0.0,0.0,0.0,0.0,0.0
83,09BRmajfd_antmovie200928221729,0.44552058111380144,0.0,0.0,0.0,0.0,0.0,0.0,0.0,0.0,0.0,0.0,0.026634382566585957,0.0,0.0,0.12106537530266344,0.0,0.0,0.0,0.0,0.0,0.0423728813559322,0.0,0.0,0.0,0.0,0.0,0.0,0.0,0.0,0.0,0.0,0.0,0.0,0.0,0.0,0.0,0.0,0.0,0.0,0.09443099273607748,0.0,0.0,0.0,0.0,0.0,0.08958837772397095,0.0,0.0,0.0,0.0,0.0,0.0,0.06174334140435835,0.0,0.0,0.0,0.009685230024213076,0.1089588377723971,0.0,0.0,0.0,0.0,0.0,0.0,0.0,0.0,0.0
84,02dPmajfd_antmovie200927200230,0.20008568980291344,0.0,0.0,0.0,0.0,0.0,0.0,0.0,0.0,0.0,0.0,0.09682947729220223,0.0,0.0,0.13324764353041987,0.0,0.0,0.0,0.0,0.0,0.03941730934018852,0.0,0.0,0.0,0.0,0.0,0.0,0.0,0.0,0.0,0.0,0.0,0.0,0.0,0.0,0.0,0.028277634961439587,0.0,0.0,0.032133676092544985,0.0,0.0,0.0,0.0,0.0,0.059554413024850046,0.0,0.008997429305912597,0.0,0.04584404455869751,0.0,0.0,0.1268209083119109,0.0,0.0,0.0,0.05269922879177378,0.17609254498714652,0.0,0.0,0.0,0.0,0.0,0.0,0.0,0.0,0.0
85,01Pdminfr_antmovie200927192312,0.9863070051716032,0.0,0.0,0.0,0.0,0.0,0.0,0.0,0.0,0.0,0.0,0.0004701457451810061,0.0,0.0,0.0011165961448048895,0.0,0.0,0.0,0.0,0.0,0.004407616361071932,0.0,0.0,0.0,0.0,0.0,0.0,0.0,0.0,0.0,0.0,0.0,0.0,0.0,0.0,0.0,0.0,0.0,0.0,5.876821814762576e-05,0.0,0.0,0.0,0.0,0.0,0.0034085566525622942,0.0,0.0,0.0,0.0,0.0,0.0,0.0004701457451810061,0.0,0.0,0.0,0.0031147155618241654,0.0006464503996238834,0.0,0.0,0.0,0.0,0.0,0.0,0.0,0.0,0.0
86,04YWmajfd_antmovie200928202317,0.3482051282051282,0.0,0.0,0.0,0.0,0.0,0.0,0.0,0.0,0.0,0.0,0.09487179487179487,0.0,0.0,0.16512820512820514,0.0,0.0,0.0,0.0,0.0,0.008974358974358974,0.0,0.0,0.0,0.0,0.0,0.0,0.0,0.0,0.0,0.0,0.0,0.0,0.0,0.0,0.0,0.0,0.0,0.0,0.0,0.0,0.0,0.0,0.0,0.0,0.0007692307692307692,0.0,0.0,0.0,0.0,0.0,0.0,0.11307692307692307,0.0,0.0,0.0,0.015384615384615385,0.25358974358974357,0.0,0.0,0.0,0.0,0.0,0.0,0.0,0.0,0.0
87,07Odmajfd_antmovie200927210043,0.5884711779448621,0.0,0.0,0.0,0.0,0.0,0.0,0.0,0.0,0.0,0.0,0.04711779448621554,0.0,0.0,0.07568922305764411,0.0,0.0,0.0,0.0,0.0,0.004511278195488722,0.0,0.0,0.0,0.0,0.0,0.0,0.0,0.0,0.0,0.0,0.0,0.0,0.0,0.0,0.0,0.0,0.0,0.0020050125313283208,0.05012531328320802,0.0,0.0,0.0,0.0,0.0,0.004511278195488722,0.0,0.0,0.0,0.04411027568922306,0.0,0.0,0.08170426065162907,0.0,0.0,0.0,0.03258145363408521,0.06917293233082707,0.0,0.0,0.0,0.0,0.0,0.0,0.0,0.0,0.0
88,06YPmajfd_antmovie200928210425,0.08467309753483387,0.0,0.0,0.0,0.0,0.0,0.0,0.0,0.0,0.0,0.0,0.14648088603072526,0.0,0.0,0.18256520185780636,0.0,0.0,0.0,0.0,0.0,0.015005359056806002,0.0,0.0,0.0,0.0,0.0,0.0,0.0,0.0,0.0,0.0,0.0,0.0,0.0,0.0,0.0,0.0,0.0,0.0,0.0285816362986781,0.0,0.0,0.0,0.0,0.0,0.0003572704537334762,0.0,0.0028581636298678098,0.0,0.0,0.0,0.0,0.17792068595927116,0.0,0.0,0.0,0.10932475884244373,0.2522329403358342,0.0,0.0,0.0,0.0,0.0,0.0,0.0,0.0,0.0
89,04WTmidfr_antmovie201010202045,0.7775787965616046,0.0,0.0,0.0,0.0,0.0,0.0,0.0,0.0,0.0,0.0,0.03474212034383954,0.0,0.0,0.03474212034383954,0.0,0.0,0.0,0.0,0.0,0.0,0.0,0.0,0.0,0.0,0.0,0.0,0.0,0.0,0.0,0.0,0.0,0.0,0.0,0.0,0.0,0.0,0.0,0.0,0.015759312320916905,0.0,0.0,0.0,0.0,0.0,0.0,0.0,0.018982808022922636,0.0,0.0,0.0,0.0,0.030802292263610316,0.0,0.0,0.0,0.030802292263610316,0.05659025787965616,0.0,0.0,0.0,0.0,0.0,0.0,0.0,0.0,0.0
90,08WWmidfd_antmovie200926222746,0.907881570427924,0.0,0.0,0.0,0.0,0.0,0.0,0.0,0.0,0.0006474777797398317,0.0,0.013950203072576373,0.0,0.0,0.011242568720937077,0.0,0.0,0.0,0.0,0.0,0.0022956030372594033,0.0,0.0,0.0,0.0,0.0,0.0,0.0,0.0,0.0,0.0,0.0,0.0,0.0,0.0,0.0,0.0,0.0,0.0,0.0,0.0,0.0,0.0,0.0,0.0,0.003943728294778974,0.0,0.019247748543174997,0.0,0.0030019424333392196,0.0,0.0,0.008829242450997704,0.0,0.005062099005238684,0.0,0.01930661015951498,0.00041203131437989287,0.0,0.0,0.0,0.0,0.0,0.0,0.0,0.0041791747601389135,0.0
91,06YPmajfr_antmovie200928205622,0.16285748474332895,0.0,0.0,0.0,0.0,0.0,0.0,0.0,0.0,0.0,0.0,0.0960871126002154,0.0,0.0,0.18224243149455546,0.0,0.0,0.0,0.0,0.0,0.005145387100634199,0.0,0.0,0.0,0.0,0.0,0.0,0.0,0.0,0.0005384707430896255,0.0,0.0,0.0,0.0,0.0,0.0,0.0,0.0016154122292688763,0.0,0.005265047265765227,0.0,0.0,0.0,0.0,0.0,0.00011966016513102789,0.0,0.0,0.0,0.0011367715687447648,0.0,0.0,0.19642216106258226,0.0,0.0,0.0,0.10087351920545651,0.24769654182122772,0.0,0.0,0.0,0.0,0.0,0.0,0.0,0.0,0.0
92,00AAmidfr_antmovie200926191227,0.9409799554565702,0.0,0.0,0.0,0.0,0.0,0.0,0.0,0.0,0.0,0.0,0.01002227171492205,0.0,0.0,0.011692650334075724,0.0,0.0,0.0,0.0,0.0,0.0,0.0,0.0,0.0,0.0,0.0,0.0,0.0,0.0,0.0,0.0,0.0,0.0,0.0,0.0,0.0,0.0,0.0,0.0,0.0,0.0,0.0,0.0,0.0,0.0,0.0,0.0,0.0,0.0,0.0,0.0,0.0,0.021158129175946547,0.0,0.0,0.0,0.0041759465478841875,0.011971046770601337,0.0,0.0,0.0,0.0,0.0,0.0,0.0,0.0,0.0
93,04Tdminfr_antmovie200927202259,0.9776947262264934,0.0,0.0,0.0,0.0,0.0,0.0,0.0,0.0,0.0,0.0,0.003322062051373317,0.0,0.0,0.005279705760218307,0.0,0.0,0.0,0.0,0.0,0.0,0.0,0.0,0.0,0.0,0.0,0.0,0.0,0.0,0.0,0.0,0.0,0.0,0.0,0.0,0.0,0.0,0.0,0.0,0.0014830634157916593,0.0,0.0,0.0,0.0,0.0,0.0,0.0,0.0,0.0,0.0,0.0,0.0,0.005635640980008305,0.0,0.0,0.0,0.0013644183425283265,0.005220383223586641,0.0,0.0,0.0,0.0,0.0,0.0,0.0,0.0,0.0
94,10BYmidfd_antmovie200928222401,1.0,0.0,0.0,0.0,0.0,0.0,0.0,0.0,0.0,0.0,0.0,0.0,0.0,0.0,0.0,0.0,0.0,0.0,0.0,0.0,0.0,0.0,0.0,0.0,0.0,0.0,0.0,0.0,0.0,0.0,0.0,0.0,0.0,0.0,0.0,0.0,0.0,0.0,0.0,0.0,0.0,0.0,0.0,0.0,0.0,0.0,0.0,0.0,0.0,0.0,0.0,0.0,0.0,0.0,0.0,0.0,0.0,0.0,0.0,0.0,0.0,0.0,0.0,0.0,0.0,0.0,0.0
95,08YOmidfr_antmovie200928212740,0.5812579636279394,0.0,0.0,0.0,0.0,0.0,0.0,0.0,0.0,0.0,0.0,0.053978918104946136,0.0,0.0,0.11224371597358972,0.0,0.0,0.0,0.0,0.0,0.0,0.0,0.0,0.0,0.0,0.0,0.0,0.0,0.0,0.0,0.0,0.0,0.0033012857639291094,0.002664195528784895,0.0,0.0,0.0,0.0,0.0,0.035271632109347854,0.0,0.0,0.0,0.0,0.0,0.0,0.0,0.0,0.0,0.0,0.0,0.0,0.07407621915904089,0.0,0.0,0.0,0.06706822657245454,0.07013784315996757,0.0,0.0,0.0,0.0,0.0,0.0,0.0,0.0,0.0
96,04BTmajfr_antmovie200929203218,0.7209623720082919,0.0,0.0,0.0,0.0,0.0,0.0,0.0,0.0,0.0,0.0,0.04114580061561656,0.0,0.0,0.05414912997047553,0.0,0.0,0.0,0.0,0.0,0.010050882593127709,0.01312896538727307,0.0,0.0,0.0,0.0,0.0,0.0,0.0,0.0013191783403480118,0.0036434449400087944,0.0,0.0,0.0,0.0,0.0,0.0029524467617312645,0.007663797977259878,0.0,0.00276399271311012,0.0,0.0,0.0,0.0,0.0,0.005653621458634336,0.0,0.0015076323889691564,0.0,0.00043972611344933726,0.0,0.0,0.04742760223632138,0.0,0.0,0.0,0.02003894717004837,0.06715245932533451,0.0,0.0,0.0,0.0,0.0,0.0,0.0,0.0,0.0
97,07Odmajfr_antmovie200927205308,0.6810306775546237,0.0,0.0,0.0,0.0,0.0,0.0,0.0,0.0,0.0,0.0,0.04375413815934672,0.0,0.0,0.07354888545574928,0.0,0.0,0.0,0.0,0.0,0.0013242109909512249,0.0,0.0,0.0,0.0,0.0,0.0,0.0,0.0,5.517545795630104e-05,0.0,0.0,0.0,0.0,0.0,0.0,0.0,0.0,0.0,0.0,0.0,0.0,0.0,0.0,0.0,0.0023173692341646435,0.0,0.0,0.0,0.0,0.0,0.0,0.06008607371441183,0.0,0.0,0.0,0.03829176782167292,0.09959170161112338,0.0,0.0,0.0,0.0,0.0,0.0,0.0,0.0,0.0
98,02BBmidfr_antmovie200926201803,0.9260644598217069,0.0,0.0,0.0,0.0,0.0,0.0,0.0,0.0,0.0,0.0,0.010971884545851256,0.0,0.0,0.017143569602892587,0.0,0.0,0.0,0.0,0.0,0.0,0.0,0.0,0.0,0.0,0.0,0.0,0.0,0.0,0.0,0.0,0.0,0.0,0.0,0.0,0.0,0.0,0.0,0.0,0.0011221245558256966,0.0,0.0,0.0,0.0,0.0,0.0,0.0,0.0,0.0,0.0,0.0,0.0,0.021569727573093948,0.0,0.0,0.0,0.02200610934480394,0.0011221245558256966,0.0,0.0,0.0,0.0,0.0,0.0,0.0,0.0,0.0
99,11RBminfd_antmovie200927222415,1.0,0.0,0.0,0.0,0.0,0.0,0.0,0.0,0.0,0.0,0.0,0.0,0.0,0.0,0.0,0.0,0.0,0.0,0.0,0.0,0.0,0.0,0.0,0.0,0.0,0.0,0.0,0.0,0.0,0.0,0.0,0.0,0.0,0.0,0.0,0.0,0.0,0.0,0.0,0.0,0.0,0.0,0.0,0.0,0.0,0.0,0.0,0.0,0.0,0.0,0.0,0.0,0.0,0.0,0.0,0.0,0.0,0.0,0.0,0.0,0.0,0.0,0.0,0.0,0.0,0.0,0.0
100,05YYmajfd_antmovie200924211818,0.11451342281879194,0.0,0.0,0.0,0.0,0.0,0.0,0.0,0.0,0.0,0.0,0.05704697986577181,0.0,0.0,0.050335570469798654,0.0,0.0,0.0,0.0,0.0,0.023909395973154363,0.0,0.0,0.0,0.1568791946308725,0.0,0.07927852348993289,0.025587248322147652,0.0,0.00041946308724832214,0.0,0.018875838926174497,0.0,0.0,0.0,0.0,0.0,0.0,0.0,0.044463087248322146,0.0,0.0,0.0,0.0,0.0,0.07843959731543625,0.0,0.028942953020134228,0.0,0.00041946308724832214,0.0,0.0,0.07466442953020135,0.0,0.0,0.0,0.10696308724832215,0.13926174496644295,0.0,0.0,0.0,0.0,0.0,0.0,0.0,0.0,0.0
101,08dOminfr_antmovie200927210505,0.9648090646619818,0.0,0.0,0.0,0.0,0.0,0.0,0.0,0.0,0.0,0.0,0.005828839134934902,0.0,0.0,0.008443645475840278,0.0,0.0,0.0,0.0,0.0,0.0,0.0,0.0,0.0,0.0,0.0,0.0,0.0,0.0,0.0006537015852263442,0.0,0.0,0.0,0.0,0.0,0.0,0.0,0.0,0.0,0.0,0.0,0.0,0.0,0.0,0.0,0.0,0.0,0.0,0.0,0.0,0.0,0.0,0.006210165059650269,0.0,0.0,0.0,0.004521435964482214,0.009533148117884185,0.0,0.0,0.0,0.0,0.0,0.0,0.0,0.0,0.0
102,09GWmajfd_antmovie201010223407,0.19506889050036258,0.0,0.0,0.0,0.0,0.0,0.0,0.0,0.0,0.0,0.0,0.2432922407541697,0.0,0.0,0.12799129804205947,0.0,0.0,0.0,0.0,0.0,0.02574329224075417,0.0,0.0,0.0,0.0,0.0,0.0,0.0,0.0,0.0,0.0,0.0,0.0,0.0,0.0,0.0,0.0,0.0,0.0,0.0340826686004351,0.0,0.0,0.0,0.0,0.0,0.0025380710659898475,0.0,0.0,0.0,0.06381435823060189,0.0,0.0,0.112037708484409,0.0,0.0,0.0,0.17331399564902103,0.022117476432197244,0.0,0.0,0.0,0.0,0.0,0.0,0.0,0.0,0.0
103,01BWmidfr_antmovie200929185530,0.8338417369459896,0.0,0.0,0.0,0.0,0.0,0.0,0.0,0.0,0.0,0.0,0.01866140319397093,0.0,0.0,0.047969376158861175,0.0,0.0,0.0,0.0,0.0,0.0,0.0,0.0,0.0,0.0,0.0,0.0,0.0,0.0,0.0,0.0,0.0,0.007356899336084694,0.00023924875889706323,0.0,0.0,0.003170046055386088,0.0,0.0,0.0,0.0,0.0,0.0,0.0,0.0,0.0,0.0,0.0,0.0,0.0,0.0,0.0,0.03516956755786829,0.0,0.0,0.0,0.008493330940845744,0.04509839105209642,0.0,0.0,0.0,0.0,0.0,0.0,0.0,0.0,0.0
104,09BRmajfd_antmovie200928220236,0.44231383828699267,0.0,0.0,0.0,0.0,0.0,0.0,0.0,0.0,0.0,0.0,0.08181527644614893,0.0,0.0,0.11281559603707254,0.0,0.0,0.0,0.0,0.0,0.0,0.0,0.0,0.0,0.0,0.0,0.0,0.0,0.0,0.003515500159795462,0.0,0.0,0.0,0.0,0.0,0.0,0.005752636625119847,0.012623841482901885,0.0,0.009587727708533078,0.0,0.0,0.0,0.0,0.0,0.0,0.0,0.008309364014062001,0.0,0.0,0.0,0.0,0.08565036752956216,0.0,0.0,0.0,0.04554170661553212,0.19207414509427934,0.0,0.0,0.0,0.0,0.0,0.0,0.0,0.0,0.0
105,07WYminfr_antmovie200929212922,0.8324363114459993,0.0,0.0,0.0,0.0,0.0,0.0,0.0,0.0,0.0,0.0,0.022485348642506876,0.0,0.0,0.05238607822030857,0.0,0.0,0.0,0.0,0.0,0.0,0.0,0.0,0.0,0.0,0.0,0.0,0.0,0.0,0.0,0.0,0.0,0.0,0.0,0.0,0.0,0.0,0.0,0.0,0.001973448152134912,0.0,0.0,0.0,0.0,0.0,0.0,0.0,0.0,0.0,0.0,0.0,0.0,0.04473149144839134,0.0,0.0,0.0,0.023023561774907306,0.022963760315751706,0.0,0.0,0.0,0.0,0.0,0.0,0.0,0.0,0.0
106,04YWmajfr_antmovie200928201629,0.5994985024726615,0.0,0.0,0.0,0.0,0.0,0.0,0.0,0.0,0.0,0.0,0.053005502542313856,0.0,0.0,0.09333426203245804,0.0,0.0,0.0,0.0,0.0,0.004039841192449676,0.0,0.0,0.0,0.0,0.0,0.0,0.0,0.0,0.0,0.0,0.0,0.0,0.0,0.0,0.0,0.0,0.0029950546771609667,0.0,0.0037612314550393537,0.0,0.0,0.0,0.0,0.0,0.00048756704046806434,0.0,0.0012537438183464512,0.0,0.0,0.0,0.0,0.08386153096050707,0.0,0.0,0.0,0.04018945462143902,0.1175733091871561,0.0,0.0,0.0,0.0,0.0,0.0,0.0,0.0,0.0
107,01Rdmidfd_antmovie200924191610,0.86036262906069,0.0,0.0,0.0,0.0,0.0,0.0,0.0,0.0,0.0,0.0,0.01586502140518761,0.0,0.0,0.04784688995215311,0.0,0.0,0.0,0.0,0.0,0.0,0.0,0.0,0.0,0.0,0.0,0.0,0.0,0.0,0.0,0.0,0.0,0.0,0.0,0.0,0.0,0.0,0.0,0.0,0.0028959959707882147,0.0,0.0,0.0,0.0,0.0,0.0,0.0,0.0,0.0,0.0,0.0,0.0,0.02681944094686477,0.0,0.0,0.0,0.0028959959707882147,0.04331402669352808,0.0,0.0,0.0,0.0,0.0,0.0,0.0,0.0,0.0
108,03BPmajfd_antmovie200929202743,0.852549889135255,0.0,0.0,0.0,0.0,0.0,0.0,0.0,0.0,0.0,0.0,0.013303769401330377,0.0,0.0,0.022172949002217297,0.0,0.0,0.0,0.0,0.0,0.0,0.0,0.0,0.0,0.0,0.0,0.0,0.0,0.0,0.0,0.0,0.0,0.0,0.0,0.0,0.0,0.0,0.0,0.0,0.0,0.0,0.0,0.0,0.0,0.0,0.0,0.0,0.0,0.0,0.0,0.0,0.0,0.02106430155210643,0.0,0.0,0.0,0.017738359201773836,0.07317073170731707,0.0,0.0,0.0,0.0,0.0,0.0,0.0,0.0,0.0
109,07Wdmidfr_antmovie200926214911,0.747865617030713,0.0,0.0,0.0,0.0,0.0,0.0,0.0,0.0,0.0,0.0,0.031877148242598956,0.0,0.0,0.07406586096019514,0.0,0.0,0.0,0.0,0.0,0.0038806963077946555,0.0,0.0,0.0,0.0,0.0,0.0,0.0,0.0,0.00038806963077946555,0.0,0.0,0.0,0.0,0.0,0.0,0.0,0.010034371881583324,0.0,0.008204900765051558,0.0,0.0,0.0,0.0,0.0,0.008482093358465462,0.0,0.0022729792659940125,0.0,0.0,0.0,0.0,0.03681117640536645,0.0,0.0,0.0,0.07439849207229182,0.0017185940791662048,0.0,0.0,0.0,0.0,0.0,0.0,0.0,0.0,0.0
110,06dDminfr_antmovie200926212457,0.9984946843541255,0.0,0.0,0.0,0.0,0.0,0.0,0.0,0.0,0.0,0.0,0.0009878633926051368,0.0,0.0,0.0,0.0,0.0,0.0,0.0,0.0,0.0,0.0,0.0,0.0,0.0,0.0,0.0,0.0,0.0,0.0,0.0,0.0,0.0,0.0,0.0,0.0,0.0,0.0,0.0,0.0,0.0,0.0,0.0,0.0,0.0,0.0,0.0,0.0,0.0,4.7041113933577944e-05,0.0,0.0,0.00047041113933577947,0.0,0.0,0.0,0.0,0.0,0.0,0.0,0.0,0.0,0.0,0.0,0.0,0.0,0.0
111,05YGminfr_antmovie200928203217,0.9615432716358179,0.0,0.0,0.0,0.0,0.0,0.0,0.0,0.0,0.0,0.0,0.0039394697348674335,0.0,0.0,0.008816908454227114,0.0,0.0,0.0,0.0,0.0,0.0,0.0,0.0,0.0,0.0,0.0,0.0,0.0,0.0,0.0,0.0,0.0,0.0,0.0,0.0,0.0,0.0,0.0,0.0,0.0,0.0,0.0,0.0,0.0,0.0,0.0,0.0,0.0,0.0,0.0,0.0,0.0,0.00887943971985993,0.0,0.0,0.0,0.014007003501750876,0.0028139069534767382,0.0,0.0,0.0,0.0,0.0,0.0,0.0,0.0,0.0
112,04WTmidfd_antmovie201010203755,0.7375660954955672,0.0,0.0,0.0,0.0,0.0,0.0,0.0,0.0,0.0001987834453146742,0.0,0.032759511787858304,0.0,0.004055182284419354,0.05585814813342345,0.0,0.0,0.0,0.0,0.0,0.006321313561006639,0.0,0.0,0.0,0.0,0.0,0.0,0.0,0.0,0.0,0.0,0.0,0.0,0.0,0.0,0.0,0.0,3.975668906293484e-05,0.0,0.0017095376297061981,0.0,0.0,0.0,0.0,0.0,0.0057249632250626166,0.0,0.016578539339243827,0.0,0.0023058879656502208,0.0,0.0,0.04631654275831909,0.0,0.0,0.0,0.01733391643143959,0.07048860970858346,0.0,0.0,0.0,0.0,0.0,0.002743211545342504,0.0,0.0,0.0
113,06dDminfd_antmovie200926213750,0.9960397085225473,0.0,0.0,0.0,0.0,0.0,0.0,0.0,0.0,0.0,0.0,0.0002640194318301827,0.0,0.0,0.00047523497729432885,0.0,0.0,0.0,0.0,0.0,0.0,0.0,0.0,0.0,0.0,0.0,0.0,0.0,0.0,0.0,0.0,0.0,0.0,0.0,0.0,0.0,0.0,0.0,0.0,0.0,0.0,0.0,0.0,0.0,0.0,0.0,0.0,0.0,0.0,0.0,0.0,0.0,0.0011616855000528038,0.0,0.0,0.0,0.002059351568275425,0.0,0.0,0.0,0.0,0.0,0.0,0.0,0.0,0.0,0.0
114,08YOmidfd_antmovie200928213524,0.457261887659819,0.0,0.0,0.0,0.0,0.0,0.0,0.0,0.0,0.0,0.0,0.07225973279701192,0.0,0.0,0.1508763108748743,0.0,0.0,0.0,0.0,0.0,0.0048125269357850884,0.0,0.0,0.0,0.0,0.0,0.0,0.0,0.0,0.0,0.0,0.0,0.0,0.0,0.0,0.0,0.0,0.00086194512282718,0.0,0.001508403964947565,0.0,0.0,0.0,0.0,0.0,0.001328832064358569,0.0,0.0,0.0,0.0009696882631805775,0.0,0.0,0.10709668151127712,0.0,0.0,0.0,0.19250107743140354,0.010522913374515155,0.0,0.0,0.0,0.0,0.0,0.0,0.0,0.0,0.0
115,03PPmajfr_antmovie200927200919,0.6578632557283519,0.0,0.0,0.0,0.0,0.0,0.0,0.0,0.0,0.0,0.0,0.051072053004509066,0.0,0.0,0.08916904389435906,0.0,0.0,0.0,0.0,0.0,0.0,0.0,0.0,0.0,0.0,0.0,0.0,0.0,0.0,0.0,0.0,0.0,0.0,0.0,0.0,0.0,0.0,0.0006441520198766909,0.0,0.0,0.0,0.0,0.0,0.0,0.0,0.0,0.0,0.0,0.0,0.0,0.0,0.0,0.07067267875218551,0.0,0.0,0.0,0.10205208429189289,0.02852673230882488,0.0,0.0,0.0,0.0,0.0,0.0,0.0,0.0,0.0
116,11GTmajfd_antmovie201010225841,0.31069982648930017,0.0,0.0,0.0,0.0,0.0,0.0,0.0,0.0,0.0,0.0,0.1390399074609601,0.0,0.0,0.17906304222093697,0.0,0.0,0.0,0.0,0.0,0.0015037593984962407,0.0,0.0,0.0,0.0,0.0,0.0,0.0,0.0,0.0,0.0,0.0,0.0,0.0,0.0,0.0,0.0,0.0,0.0,0.012030075187969926,0.0,0.0,0.0,0.0,0.0,0.007403123192596877,0.0,0.0,0.0,0.007634470792365529,0.0,0.0,0.07252747252747253,0.0,0.0,0.0,0.09346443030653558,0.1766338924233661,0.0,0.0,0.0,0.0,0.0,0.0,0.0,0.0,0.0
117,12RWminfr_antmovie200927223201,0.9844911443516564,0.0,0.0,0.0,0.0,0.0,0.0,0.0,0.0,0.0,0.0,0.002569514545287694,0.0,0.0,0.0024777461686702764,0.0,0.0,0.0,0.0,0.0,0.0,0.0,0.0,0.0,0.0,0.0,0.0,0.0,0.0,0.0,0.0,0.0,0.0,0.0,0.0,0.0,0.0,0.0,0.0,0.0,0.0,0.0,0.0,0.0,0.0,0.0,0.0,0.0,0.0,0.0,0.0,0.0,0.001743599155730935,0.0,0.0,0.0,0.003762503441314123,0.004955492337340553,0.0,0.0,0.0,0.0,0.0,0.0,0.0,0.0,0.0
118,09OOminfd_antmovie200927213350,0.8934167867435159,0.0,0.0,0.0,0.0,0.0,0.0,0.0,0.0,0.0,0.0,0.012247838616714697,0.0,0.0,0.025936599423631124,0.0,0.0,0.0,0.0,0.0,0.0,0.0,0.0,0.0,0.0,0.0,0.0,0.0,0.0,0.0,0.0,0.0,0.0,0.0,0.0,0.0,0.0,0.0,0.0,0.0,0.0,0.0,0.0,0.0,0.0,0.0,0.0,0.0,0.0,0.0,0.0,0.0,0.024180475504322767,0.0,0.0,0.0,0.010401657060518732,0.03381664265129683,0.0,0.0,0.0,0.0,0.0,0.0,0.0,0.0,0.0
119,05YYmajfr_antmovie200924210947,0.5592680447305998,0.0,0.0,0.0,0.0,0.0,0.0,0.0,0.0,0.0,0.0,0.10552355133852931,0.0,0.0,0.05936970518468316,0.0,0.0,0.0,0.0,0.0,0.03578447983734327,0.0,0.0,0.0,0.0,0.0,0.0,0.0,0.0,0.00027109454422229753,0.0,0.0,0.0,0.0,0.0,0.0,0.0,0.003049813622500847,0.0,0.013622500847170451,0.0,0.0,0.0,0.0,0.0,0.006370721789223992,0.0,0.002100982717722806,0.0,0.017078956286004743,0.0,0.0,0.07502541511352084,0.0,0.0,0.0,0.06208065062690613,0.05909861064046086,0.0,0.0,0.0,0.0,0.0,0.0013554727211114877,0.0,0.0,0.0
120,14RPminfr_antmovie200927231459,0.9236468283125153,0.0,0.0,0.0,0.0,0.0,0.0,0.0,0.0,0.0,0.0,0.010715160421258878,0.0,0.0,0.018858682341415627,0.0,0.0,0.0,0.0,0.0,0.0,0.0,0.0,0.0,0.0,0.0,0.0,0.0,0.0,0.0,0.0,0.0,0.0,0.0,0.0,0.0,0.0,0.0,0.0,0.0,0.0,0.0,0.0,0.0,0.0,0.0,0.0,0.0,0.0,0.0,0.0,0.0,0.018919911829537107,0.0,0.0,0.0,0.004469752632867989,0.023389664462405094,0.0,0.0,0.0,0.0,0.0,0.0,0.0,0.0,0.0
121,06TTminfr_antmovie200927204039,0.9669004391426886,0.0,0.0,0.0,0.0,0.0,0.0,0.0,0.0,0.0,0.0,0.005571213213606869,0.0,0.0,0.008520679032575211,0.0,0.0,0.0,0.0,0.0,0.0,0.0,0.0,0.0,0.0,0.0,0.0,0.0,0.0,0.0,0.0,0.0,0.0,0.0,0.0,0.0,0.0,0.0,0.0,0.0,0.0,0.0,0.0,0.0,0.0,0.0,0.0,0.0,0.0,0.0,0.0,0.0,0.007799698499049617,0.0,0.0,0.0,0.00393262109195779,0.0072753490201219115,0.0,0.0,0.0,0.0,0.0,0.0,0.0,0.0,0.0
122,05BOmajfr_antmovie200929204645,0.3464852338225682,0.0,0.0,0.0,0.0,0.0,0.0,0.0,0.0,0.0,0.0,0.11937726543466635,0.0,0.0,0.15057341493849902,0.0,0.0,0.0,0.0,0.0,0.006298651137916692,0.0,0.0,0.0,0.0,0.0,0.0,0.0,0.0,0.0,0.0,0.0,0.0,0.0,0.0,0.0,0.0,0.0,0.0,0.0026145344346069285,0.0,0.0,0.0,0.0,0.0,0.0056450175292649596,0.0,5.942123715015747e-05,0.0,0.007605918355220156,0.0,0.0,0.09370729098579833,0.0,0.0,0.011765404955731178,0.06934458375423376,0.18652326341434428,0.0,0.0,0.0,0.0,0.0,0.0,0.0,0.0,0.0
123,00AAmidfr_antmovie200926192629,1.0,0.0,0.0,0.0,0.0,0.0,0.0,0.0,0.0,0.0,0.0,0.0,0.0,0.0,0.0,0.0,0.0,0.0,0.0,0.0,0.0,0.0,0.0,0.0,0.0,0.0,0.0,0.0,0.0,0.0,0.0,0.0,0.0,0.0,0.0,0.0,0.0,0.0,0.0,0.0,0.0,0.0,0.0,0.0,0.0,0.0,0.0,0.0,0.0,0.0,0.0,0.0,0.0,0.0,0.0,0.0,0.0,0.0,0.0,0.0,0.0,0.0,0.0,0.0,0.0,0.0,0.0
124,06TTminfd_antmovie200927204828,0.9684484038604306,0.0,0.0,0.0,0.0,0.0,0.0,0.0,0.0,0.0,0.0,0.0011135857461024498,0.0,0.0,0.010764662212323682,0.0,0.0,0.0,0.0,0.0,0.0,0.0,0.0,0.0,0.0,0.0,0.0,0.0,0.0,0.0,0.0,0.0,0.0,0.0,0.0,0.0,0.0,0.0,0.0,0.0,0.0,0.0,0.0,0.0,0.0,0.0,0.0,0.0,0.0,0.0,0.0,0.0,0.005567928730512249,0.0,0.0,0.0,0.008166295471417966,0.005939123979213066,0.0,0.0,0.0,0.0,0.0,0.0,0.0,0.0,0.0
125,01SSmidfr_antmovie201010190036,1.0,0.0,0.0,0.0,0.0,0.0,0.0,0.0,0.0,0.0,0.0,0.0,0.0,0.0,0.0,0.0,0.0,0.0,0.0,0.0,0.0,0.0,0.0,0.0,0.0,0.0,0.0,0.0,0.0,0.0,0.0,0.0,0.0,0.0,0.0,0.0,0.0,0.0,0.0,0.0,0.0,0.0,0.0,0.0,0.0,0.0,0.0,0.0,0.0,0.0,0.0,0.0,0.0,0.0,0.0,0.0,0.0,0.0,0.0,0.0,0.0,0.0,0.0,0.0,0.0,0.0,0.0
126,09GWmajfr_antmovie201010222559,0.2644237002463374,0.0,0.0,0.0,0.0,0.0,0.0,0.0,0.0,0.0,0.0,0.10534163101257617,0.0,0.0,0.17178789057435498,0.0,0.0,0.0,0.0,0.0,0.0,0.0,0.0,0.0,0.0,0.0,0.0,0.0,0.0,0.0043433164786723715,0.0,0.0,0.0,0.0,0.0,0.0,0.0,0.0,0.0,0.0,0.0,0.0,0.0,0.0,0.0,0.00862180733826008,0.0,0.0,0.0,0.0,0.0,0.0,0.15843381304291457,0.0,0.0,0.0,0.2672760274860625,0.01977181382082199,0.0,0.0,0.0,0.0,0.0,0.0,0.0,0.0,0.0
127,03dRmajfd_antmovie200924200955,0.6650943396226415,0.0,0.0,0.0,0.0,0.0,0.0,0.0,0.0,0.0,0.0,0.019129979035639413,0.0,0.0,0.033280922431865825,0.0,0.0,0.0,0.0,0.0,0.006289308176100629,0.0,0.0,0.0,0.0,0.0,0.0,0.0,0.0,0.0,0.0,0.0,0.0,0.0,0.0,0.0,0.0,0.0,0.0,0.0429769392033543,0.0,0.0,0.0,0.0,0.0,0.03957023060796646,0.0,0.04533542976939203,0.0,0.01179245283018868,0.0,0.0,0.028825995807127882,0.0,0.0,0.0,0.09224318658280922,0.015461215932914047,0.0,0.0,0.0,0.0,0.0,0.0,0.0,0.0,0.0
128,11GTmajfr_antmovie201010225056,0.261268328003379,0.0,0.0,0.0,0.0,0.0,0.0,0.0,0.0,0.0,0.0,0.13751282205997706,0.0,0.0,0.1746213721112653,0.0,0.0,0.0,0.0,0.0,0.00573221504857298,0.0,0.0,0.0,0.0,0.0,0.0,0.0,0.0,0.0002413564230978097,0.0,0.0,0.0,0.0,0.0,0.0,0.0,0.0,0.0,0.002413564230978097,0.0,0.0,0.0,0.0,0.0,0.0010257647981656913,0.0,0.00199119049055693,0.0,0.004103059192662765,0.0,0.0,0.11723888251976106,0.0,0.0,0.0,0.27001749834067457,0.023833946780908707,0.0,0.0,0.0,0.0,0.0,0.0,0.0,0.0,0.0
129,04Ydmidfr_antmovie200924203448,0.7562157269871692,0.0,0.0,0.0,0.0,0.0,0.0,0.0,0.0,0.0,0.0,0.036362668370334875,0.0,0.0,0.04008944258105734,0.0,0.0,0.0,0.0,0.0,0.01687696321141458,0.0058031198424106905,0.0,0.0,0.0,0.0,0.0,0.0,0.0,0.0,0.0,0.010434967790022892,0.0,0.0,0.0,0.0,0.014161742000745355,0.004312410158121706,0.0,0.002076345631688229,0.0,0.0,0.0,0.007613267316190172,0.0,0.006654953947718682,0.0,0.009210456263642655,0.004951285737102699,0.006974391737209178,0.0,0.0,0.024436990896023,0.0,0.0,0.0,0.03199701858063142,0.021828248948517277,0.0,0.0,0.0,0.0,0.0,0.0,0.0,0.0,0.0
130,10GPminfr_antmovie201010223744,0.9156733451686533,0.0,0.0,0.0,0.0,0.0,0.0,0.0,0.0,0.0,0.0,0.008749682982500635,0.0,0.0,0.022127821455744358,0.0,0.0,0.0,0.0,0.0,0.0,0.0,0.0,0.0,0.0,0.006276946487446107,0.0,0.0,0.0,0.0,0.0,0.0,0.0,0.004755262490489475,0.0,0.0,0.0,0.0,0.0,0.0,0.0,0.0,0.0,0.0,0.0,0.0,0.0,0.0,0.0,0.0,0.0,0.0,0.014265787471468425,0.0,0.0,0.0,0.019338067461323865,0.005959928988080142,0.0,0.0,0.0,0.0,0.0,0.0,0.0,0.0,0.002853157494293685
131,08GBmajfr_antmovie201010215602,0.46823791925249286,0.0,0.0,0.0,0.0,0.0,0.0,0.0,0.0,0.0,0.0055784115473119025,0.05822467052506799,0.0,0.0,0.1382748762289938,0.0,0.0,0.0,0.0,0.0,0.00020919043302419636,0.0,0.0,0.0,0.0,0.0,0.0,0.0,0.0,0.0,0.0,0.0,0.0,0.00746112544452967,0.0,0.0,0.0,0.0,0.0,0.025660693117634754,0.0,0.0,0.014643330311693745,0.0,0.0,0.001952444041559166,0.0,0.0,0.0,0.0006275712990725891,0.0,0.0,0.08660483927201729,0.0,0.0,0.0,0.07196150896032355,0.1205634195662785,0.0,0.0,0.0,0.0,0.0,0.0,0.0,0.0,0.0
132,06GRmidfr_antmovie201010210607,0.9973523293198008,0.0,0.0,0.0,0.0,0.0,0.0,0.0,0.0,0.0,0.0,0.0006303977809998109,0.0,0.0,0.0006934375590997919,0.0,0.0,0.0,0.0,0.0,0.0,0.0,0.0,0.0,0.0,0.0,0.0,0.0,0.0,0.0,0.0,0.0,0.0,0.0,0.0,0.0,0.0,0.0,0.0,0.0,0.0,0.0,0.0,0.0,0.0,0.0,0.0,0.0,0.0,0.0,0.0,0.0,0.0004412784466998676,0.0,0.0,0.0,0.0005043182247998487,0.00037823866859988653,0.0,0.0,0.0,0.0,0.0,0.0,0.0,0.0,0.0
133,08WBmajr_antmovie200929215724,0.35614983141656276,0.0,0.0,0.0,0.0,0.0,0.0,0.0,0.0,0.0,0.0,0.049420350099302575,0.0,0.0,0.1515403445568334,0.0,0.0,0.0,0.0,0.0,0.00013856172925038105,0.0,0.0,0.0,0.0,0.0,0.0,0.0,0.007482333379520576,0.0036487922035933675,0.0,0.0,0.0,0.0,0.0,0.0,0.0,0.007205209921019814,0.001847489723338414,0.007205209921019814,0.0,0.0,0.0,0.0,0.0,4.6187243083460347e-05,0.0,0.0,0.0,0.0023093621541730174,0.0,0.0,0.15588194540667868,0.0,0.0,0.0,0.24848736778901667,0.008637014456607086,0.0,0.0,0.0,0.0,0.0,0.0,0.0,0.0,0.0
134,15RTmidfr_antmovie200927233405,0.6825589771294795,0.0,0.0,0.0,0.0,0.0,0.0,0.0,0.0,0.0,0.0,0.05528543129839726,0.0,0.0,0.08000180082838106,0.0,0.0,0.0,0.0,0.0,0.0009454349000540249,0.0,0.0,0.0,0.0,0.0,0.0,0.0,0.0,0.0,0.0,0.0,0.0,0.0,0.0,0.0,0.0,0.0,0.0,0.0,0.0,0.0,0.0,0.0,0.0,0.0003601656762110571,0.0,0.0,0.0,0.0,0.0,0.0,0.06397442823698901,0.0,0.0,0.0,0.03457590491626148,0.08229785701422654,0.0,0.0,0.0,0.0,0.0,0.0,0.0,0.0,0.0
135,03YBmajfr_antmovie200928195842,0.39789473684210525,0.0,0.0,0.0,0.0,0.0,0.0,0.0,0.0,0.0,0.0,0.05052631578947368,0.0,0.0,0.07223684210526315,0.0,0.0,0.0,0.0,0.0,0.037302631578947365,0.0,0.0,0.0,0.0,0.0,0.0,0.0,0.0,0.00013157894736842105,0.0,0.0,0.0,0.0,0.0,0.0,0.0026973684210526315,0.001381578947368421,0.007171052631578947,0.005592105263157895,0.0,0.0,0.0,0.0,0.0,0.05493421052631579,0.0,0.058223684210526316,0.0,0.04151315789473684,0.0,0.0,0.08717105263157894,0.0,0.0,0.0,0.09815789473684211,0.0850657894736842,0.0,0.0,0.0,0.0,0.0,0.0,0.0,0.0,0.0
136,02BBmidfd_antmovie200926202619,1.0,0.0,0.0,0.0,0.0,0.0,0.0,0.0,0.0,0.0,0.0,0.0,0.0,0.0,0.0,0.0,0.0,0.0,0.0,0.0,0.0,0.0,0.0,0.0,0.0,0.0,0.0,0.0,0.0,0.0,0.0,0.0,0.0,0.0,0.0,0.0,0.0,0.0,0.0,0.0,0.0,0.0,0.0,0.0,0.0,0.0,0.0,0.0,0.0,0.0,0.0,0.0,0.0,0.0,0.0,0.0,0.0,0.0,0.0,0.0,0.0,0.0,0.0,0.0,0.0,0.0,0.0
137,03BPmajfr_antmovie200929200853,0.322180916976456,0.018456922976586448,0.0,0.0,0.0,0.0,0.0,0.0,0.0,0.0,0.0,0.0712841583512685,0.0,0.0,0.11335029022370051,0.0,0.0,0.0,0.0,0.0,0.02810930672405922,0.006195786864931847,0.0,0.0,0.0,0.0,0.0,0.0,0.0,6.521880910454576e-05,0.0,0.0,0.0,0.0,0.0,0.0,0.00736972542881367,0.005282723537468206,0.0,0.0,0.0,0.0,0.0,0.0,0.0,0.04160960020870019,0.0,0.011348072784190961,0.0,0.01826126654927281,0.0,0.0,0.08706711015456858,0.0,0.0,0.0,0.14361181764820974,0.10924150525011413,0.0,0.0,0.0,0.0,0.016565577512554622,0.0,0.0,0.0,0.0
138,05WOmajfd_antmovie201010205850,0.2295170332039672,0.0,0.0,0.0,0.0,0.0,0.0,0.0,0.0,0.0,0.0,0.1093143596377749,0.0,0.0,0.16623544631306597,0.0,0.0,0.0,0.0,0.0,0.01034928848641656,0.0,0.0,0.0,0.0,0.0,0.0,0.0,0.0,0.0,0.0,0.0,0.0,0.0,0.0,0.0,0.0,0.011858559724018974,0.0,0.00517464424320828,0.0,0.0,0.0,0.0,0.0,0.0036653730056058647,0.0,0.0011858559724018973,0.0,0.000646830530401035,0.0,0.0,0.1551315222078482,0.0,0.0,0.0,0.10597240189736956,0.20094868477792152,0.0,0.0,0.0,0.0,0.0,0.0,0.0,0.0,0.0
139,08dOminfd_antmovie200927211313,0.9767096134786918,0.0,0.0,0.0,0.0,0.0,0.0,0.0,0.0,0.0,0.0,0.0,0.0,0.0,0.0019821605550049554,0.0,0.0,0.0,0.0,0.0,0.0002477700693756194,0.0,0.0,0.0,0.0,0.0,0.0,0.0,0.0,0.0,0.0,0.0,0.0,0.0,0.0,0.0,0.0,0.0,0.0,0.0044598612487611496,0.0,0.0,0.0,0.0,0.0,0.001238850346878097,0.0,0.009663032705649157,0.0,0.0,0.0,0.0,0.0002477700693756194,0.0,0.0,0.0,0.005450941526263627,0.0,0.0,0.0,0.0,0.0,0.0,0.0,0.0,0.0,0.0
140,10RYfr_left_antn_no_move_antmovie200927214552,0.6218183839057464,0.0,0.0,0.0,0.0,0.0,0.0,0.0,0.0,0.0,0.0,0.04712682005112816,0.0,0.0,0.07874847171279316,0.0,0.0,0.0,0.0,0.0,0.008002667555851951,0.0,0.0,0.0,0.0,0.0,0.0,0.0,0.0,0.003667889296432144,0.0,0.0,0.0,0.0,0.0,0.0,0.009614315883072135,0.0019450928087140157,0.008113815716349894,0.002222963209958875,0.0,0.0,0.0,0.0,0.0,0.005001667222407469,0.0,0.00011114816049794375,0.0,0.0,0.0,0.0,0.06140935867511393,0.0,0.0,0.0,0.09908858508391687,0.05312882071801712,0.0,0.0,0.0,0.0,0.0,0.0,0.0,0.0,0.0
