,Video File,cluster0,cluster1,cluster2,cluster3,cluster4,cluster5,cluster6,cluster7,cluster8,cluster9,cluster10,cluster11,cluster12,cluster13,cluster14,cluster15,cluster16,cluster17,cluster18,cluster19,cluster20,cluster21,cluster22,cluster23,cluster24,cluster25,cluster26,cluster27,cluster28,cluster29,cluster30,cluster31,cluster32,cluster33,cluster34,cluster35,cluster36,cluster37,cluster38,cluster39,cluster40,cluster41,cluster42,cluster43,cluster44,cluster45,cluster46,cluster47,cluster48,cluster49,cluster50,cluster51,cluster52,cluster53,cluster54,cluster55,cluster56,cluster57,cluster58,cluster59,cluster60,cluster61,cluster62,cluster63,cluster64,cluster65,caste
0,10BYmidfd_antmovie200928223820,0.0,0.0,0.0,0.0,0.0,0.0,0.0,0.0,0.0,0.0,0.2157829839704069,0.0,0.0,0.18002466091245375,0.0,0.0,0.0,0.0,0.0,0.007398273736128238,0.0,0.0,0.0,0.0,0.0,0.0,0.0,0.0,0.0,0.0,0.0,0.0,0.0,0.0,0.0,0.1504315659679408,0.0,0.0,0.0,0.0,0.0,0.0,0.0,0.0,0.0012330456226880395,0.0,0.0,0.0,0.0,0.0,0.0,0.20838471023427868,0.0,0.0,0.0,0.03945745992601726,0.19728729963008632,0.0,0.0,0.0,0.0,0.0,0.0,0.0,0.0,0.0,2
1,00AAmidfr_antmovie200926195039,0.0,0.0,0.0,0.0,0.0,0.0,0.0,0.0,0.0,0.0,0.08568646543330087,0.0,0.0,0.11197663096397274,0.0,0.0,0.0,0.0,0.0,0.0365141187925998,0.0,0.0,0.0,0.0,0.0,0.0,0.0,0.0,0.060370009737098336,0.0,0.0,0.0,0.0,0.0,0.0,0.0,0.5194741966893865,0.0,0.03261927945472249,0.0,0.0,0.0,0.0,0.0,0.024829600778967863,0.0,0.0,0.0,0.0009737098344693283,0.0,0.0,0.029211295034079845,0.0,0.0,0.0,0.09834469328140216,0.0,0.0,0.0,0.0,0.0,0.0,0.0,0.0,0.0,0.0,2
2,04WTmidfr_antmovie201010202950,0.0,0.0,0.0,0.0,0.0,0.0,0.0,0.0,0.0,0.0,0.13679723969961438,0.0,0.0,0.25776334483458496,0.0,0.0,0.0,0.0,0.0,0.0020296326364927946,0.0,0.0,0.0,0.0,0.0,0.0,0.0,0.0,0.0,0.0,0.0,0.0,0.0,0.0,0.0,0.00811853054597118,0.0,0.0,0.0,0.0,0.0,0.0,0.0,0.0,0.012989648873553887,0.0,0.02679115080170489,0.0,0.00040592652729855896,0.0,0.0,0.17962248832961233,0.0,0.0,0.0,0.12218388471686625,0.2532981530343008,0.0,0.0,0.0,0.0,0.0,0.0,0.0,0.0,0.0,2
3,06WRmajfd_antmovie200929211318,0.0,0.0,0.0,0.0,0.0,0.0,0.0,0.0,0.0,0.0,0.11787012166218992,0.0,0.0,0.2050876915784484,0.0,0.0,0.0,0.0,0.0,0.03286459156264813,0.0,0.0,0.0,0.0,0.0,0.0,0.0,0.0,0.0007900142202559646,0.027650497708958763,0.0,0.0,0.0,0.0,0.0,0.0,0.009796176331173962,0.0,0.0,0.0,0.026228472112498024,0.0,0.0,0.0,0.013746247432453784,0.0,0.0004740085321535788,0.0,0.007110127982303681,0.0,0.0,0.21567388212987834,0.0,0.0,0.0,0.0936956865223574,0.24901248222468006,0.0,0.0,0.0,0.0,0.0,0.0,0.0,0.0,0.0,3
4,04Ydmidfd_antmovie200924204640,0.0,0.0,0.0,0.0,0.0,0.0,0.0,0.0,0.0,0.0,0.13111447302067575,0.0,0.0,0.0015128593040847204,0.0,0.0,0.0,0.0,0.0,0.4578920827029753,0.0,0.0,0.0,0.0,0.0,0.0,0.0,0.0,0.0,0.0,0.0,0.0,0.0,0.0,0.0,0.0,0.0,0.0,0.01361573373676248,0.0,0.0,0.0,0.0,0.0,0.200201714573878,0.0,0.16036308623298035,0.0,0.011094301563287948,0.0,0.0,0.0015128593040847204,0.0,0.0,0.0,0.0226928895612708,0.0,0.0,0.0,0.0,0.0,0.0,0.0,0.0,0.0,0.0,2
5,09dWminfr_antmovie200926223927,0.0,0.0,0.0,0.0,0.0,0.0,0.0,0.0,0.0,0.0,0.2,0.0,0.0,0.0,0.0,0.0,0.0,0.0,0.0,0.0,0.0,0.0,0.0,0.0,0.0,0.0,0.0,0.0,0.0,0.0,0.0,0.0,0.0,0.0,0.0,0.0,0.0,0.0,0.0,0.0,0.0,0.0,0.0,0.0,0.0,0.0,0.0,0.0,0.0,0.0,0.0,0.6,0.0,0.0,0.0,0.2,0.0,0.0,0.0,0.0,0.0,0.0,0.0,0.0,0.0,0.0,1
6,01BWmidfd_antmovie200929190558,0.0,0.0,0.0,0.0,0.0,0.0,0.0,0.0,0.0,0.0,0.11159420289855072,0.0,0.0,0.314975845410628,0.0,0.0,0.0,0.0,0.026328502415458938,0.0,0.0,0.0,0.0,0.0,0.0,0.0,0.0,0.0,0.0,0.0,0.0,0.0,0.0,0.0,0.0,0.0,0.0,0.0,0.0,0.0,0.0,0.0,0.0,0.0,0.0,0.0,0.0,0.0,0.0,0.0,0.0,0.21207729468599035,0.0,0.0,0.0,0.03164251207729469,0.3033816425120773,0.0,0.0,0.0,0.0,0.0,0.0,0.0,0.0,0.0,2
7,15RTmidfd_antmovie200927234753,0.0,0.0,0.0,0.0,0.0,0.0,0.0,0.0,0.0,0.0,0.16987844648680703,0.0,0.0,0.25340942780907205,0.0,0.0,0.0,0.0,0.0,0.04914023124814705,0.0,0.0,0.0,0.0,0.0,0.0,0.0,0.0,0.0,0.0,0.0,0.0,0.0,0.0,0.0,0.0047435517343611035,0.0,0.0,0.0,0.0,0.0,0.0,0.0,0.0,0.026311888526534242,0.0,0.034316632078268614,0.0,0.0071894455973910455,0.0,0.0,0.15824192113845242,0.0,0.0,0.0,0.14579009783575453,0.15097835754521194,0.0,0.0,0.0,0.0,0.0,0.0,0.0,0.0,0.0,2
8,13RGmajfd_antmovie200927225925,0.0,0.0,0.0,0.0,0.0,0.0,0.0,0.0,0.0,0.0,0.16659421864811996,0.0,0.0,0.22962399478374265,0.0,0.0,0.0,0.0,0.0,0.0124972831993045,0.0,0.0,0.0,0.0,0.0,0.0,0.0,0.0,0.006031297544012171,0.0,0.0,0.0,0.0,0.0,0.0,0.021897413605737884,0.029341447511410563,0.0,0.003912193001521408,0.0,0.0,0.0,0.0,0.0,0.01977830906324712,0.0,0.01597478808954575,0.0,0.004890241251901761,0.0,0.0,0.16827863507933058,0.0,0.0,0.0,0.316670289067594,0.004509889154531622,0.0,0.0,0.0,0.0,0.0,0.0,0.0,0.0,0.0,3
9,03BPmajfd_antmovie200929202854,0.0,0.0,0.0,0.0,0.0,0.0,0.0,0.0,0.0,0.0,0.1202767429483768,0.0,0.0,0.21899946780202234,0.0,0.0,0.0,0.0,0.0,0.0,0.0,0.0,0.0,0.0,0.0,0.0,0.0,0.0,0.0,0.0,0.0,0.0,0.0,0.0,0.0,0.0,0.0,0.0,0.0,0.0,0.0,0.0,0.0,0.0,0.002927088877062267,0.0,0.0,0.0,0.0,0.0,0.0,0.2142096860031932,0.0,0.0,0.0,0.08940926024481106,0.35417775412453434,0.0,0.0,0.0,0.0,0.0,0.0,0.0,0.0,0.0,3
10,05BOmajfd_antmovie200929205417,0.0,0.0,0.0,0.0,0.0,0.0,0.0,0.0,0.0,0.0,0.1989886972040452,0.0,0.0,0.24182034503271865,0.0,0.0,0.0,0.0,0.0,0.0074360499702558,0.0,0.0,0.0,0.0,0.0,0.0,0.0,0.0,0.0,0.0,0.0,0.0,0.0,0.0,0.0,0.0,0.0,0.0,0.004659924648026968,0.0,0.0,0.0,0.0,0.0,0.00019829466587348798,0.0,0.0,0.0,0.00198294665873488,0.0,0.0,0.14753123140987506,0.0,0.0,0.0,0.08853856831251239,0.3088439420979576,0.0,0.0,0.0,0.0,0.0,0.0,0.0,0.0,0.0,3
11,07YTminfr_antmovie200928210913,0.0,0.0,0.0,0.0,0.0,0.0,0.0,0.0,0.0,0.0,0.14022140221402213,0.0,0.0,0.2961254612546125,0.0,0.0,0.0,0.0,0.0,0.0,0.0,0.0,0.0,0.0,0.0,0.0,0.0,0.0,0.0,0.0,0.0,0.0,0.0,0.0,0.0,0.0,0.0,0.0,0.03044280442804428,0.0,0.0,0.0,0.0,0.0,0.0,0.0,0.0,0.0,0.0,0.0,0.0,0.2269372693726937,0.0,0.0,0.0,0.01845018450184502,0.2878228782287823,0.0,0.0,0.0,0.0,0.0,0.0,0.0,0.0,0.0,1
12,09OOminfr_antmovie200927212511,0.0,0.0,0.0,0.0,0.0,0.0,0.0,0.0,0.0,0.0,0.16042154566744732,0.0,0.0,0.3442622950819672,0.0,0.0,0.0,0.0,0.0,0.0,0.0,0.0,0.0,0.0,0.0,0.0,0.0,0.0,0.0,0.0,0.0,0.0,0.0,0.0,0.0,0.11943793911007025,0.0,0.0,0.0,0.0,0.0,0.0,0.0,0.0,0.0,0.0,0.0,0.0,0.0,0.0,0.0,0.055035128805620614,0.0,0.0,0.0,0.1861826697892272,0.13466042154566746,0.0,0.0,0.0,0.0,0.0,0.0,0.0,0.0,0.0,1
13,03WPmajfd_antmovie201010201128,0.0,0.0,0.0,0.0,0.0,0.0,0.0,0.0,0.0,0.0,0.1768308574407089,0.0,0.0,0.19390148553557468,0.0,0.0,0.0,0.0,0.0,0.003909304143862392,0.0,0.0,0.0,0.0,0.0,0.0,0.0,0.0,0.0,0.0,0.0,0.0,0.0,0.02006776127182695,0.0,0.0,0.0,0.0,0.007427677873338545,0.0,0.0,0.0,0.0,0.0,0.0036486838676049,0.0,0.0,0.0,0.0,0.0,0.0,0.15506906437320825,0.0,0.0,0.0,0.07297367735209799,0.3661714881417774,0.0,0.0,0.0,0.0,0.0,0.0,0.0,0.0,0.0,3
14,03dRmajfr_antmovie200924195844,0.0,0.16532708193793258,0.0,0.0,0.0,0.0,0.0,0.077249386023666,0.0,0.0,0.1188881446751507,0.0,0.0,0.1651038178164769,0.0,0.0,0.0,0.0,0.0,0.003348961821835231,0.0,0.020763563295378432,0.0,0.0,0.0,0.0,0.0,0.0,0.0,0.0,0.0,0.0,0.0,0.0,0.0,0.0,0.0,0.0,0.0041303862469301185,0.0,0.0,0.0,0.0,0.0,0.010158517526233537,0.0,0.006809555704398303,0.0,0.0,0.0,0.0,0.14411699039964276,0.0,0.0,0.0,0.16097343156954674,0.12313016298280867,0.0,0.0,0.0,0.0,0.0,0.0,0.0,0.0,0.0,3
15,03dBmidfr_antmovie200926203136,0.0,0.0,0.0,0.0,0.0,0.0,0.0,0.0,0.0,0.0,0.08648648648648649,0.0,0.0,0.2297297297297297,0.0,0.0,0.0,0.0,0.0,0.0,0.0,0.0,0.0,0.0,0.0,0.0,0.0,0.0,0.0,0.0,0.0,0.0,0.0,0.0,0.0,0.0,0.0,0.0,0.0,0.0,0.0,0.0,0.0,0.0,0.0,0.0,0.0,0.0,0.0,0.0,0.0,0.345945945945946,0.0,0.0,0.0,0.33513513513513515,0.0027027027027027033,0.0,0.0,0.0,0.0,0.0,0.0,0.0,0.0,0.0,2
16,11RBminfr_antmovie200927221547,0.0,0.0,0.0,0.0,0.0,0.0,0.0,0.0,0.0,0.0,0.10666666666666667,0.0,0.0,0.38666666666666666,0.0,0.0,0.0,0.0,0.0,0.0,0.0,0.0,0.0,0.0,0.0,0.0,0.0,0.0,0.0,0.0,0.0,0.0,0.0,0.0,0.0,0.0,0.0,0.0,0.0,0.0,0.0,0.0,0.0,0.0,0.0,0.0,0.0,0.0,0.0,0.0,0.0,0.10666666666666667,0.0,0.0,0.0,0.0,0.4,0.0,0.0,0.0,0.0,0.0,0.0,0.0,0.0,0.0,1
17,08WWmidfd_antmovie200926223354,0.0,0.0,0.0,0.0,0.0,0.0,0.0,0.0,0.0,0.0,0.14629741119807346,0.0,0.0,0.21613485851896447,0.0,0.0,0.0,0.0,0.0,0.0,0.0,0.0,0.0,0.0,0.0,0.0,0.0,0.0,0.0,0.0,0.0,0.0,0.0,0.0,0.0,0.0,0.0,0.0,0.028296207104154127,0.0,0.0,0.0,0.0,0.0,0.008428657435279952,0.0,0.0,0.0,0.01143889223359422,0.0,0.0,0.2167369054786273,0.0,0.0,0.0,0.2390126429861529,0.1336544250451535,0.0,0.0,0.0,0.0,0.0,0.0,0.0,0.0,0.0,2
18,02WGmidfd_antmovie201010194713,0.0,0.0,0.0,0.0,0.0,0.0,0.0,0.0,0.0,0.0,0.13962558502340094,0.0,0.0,0.2125585023400936,0.0,0.0,0.0,0.0,0.0,0.0,0.0,0.0,0.0,0.0,0.0,0.0,0.0,0.0,0.0,0.0,0.0,0.0,0.0,0.0,0.0,0.0,0.0,0.0,0.016770670826833072,0.0,0.0,0.0,0.0,0.0,0.0,0.0,0.0,0.0,0.0,0.0,0.0,0.17160686427457095,0.0,0.0,0.0,0.0577223088923557,0.4017160686427457,0.0,0.0,0.0,0.0,0.0,0.0,0.0,0.0,0.0,2
19,06GRmidfd_antmovie201010211657,0.0,0.0,0.0,0.0,0.0,0.0,0.0,0.0,0.0,0.0,0.021739130434782608,0.0,0.0,0.043478260869565216,0.0,0.0,0.0,0.0,0.0,0.0,0.0,0.0,0.0,0.0,0.0,0.0,0.0,0.0,0.0,0.0,0.0,0.0,0.0,0.0,0.0,0.0,0.0,0.0,0.0,0.7608695652173914,0.0,0.0,0.0,0.0,0.0,0.0,0.0,0.0,0.0,0.0,0.0,0.0,0.0,0.0,0.0,0.17391304347826084,0.0,0.0,0.0,0.0,0.0,0.0,0.0,0.0,0.0,0.0,2
20,06WRmajfr_antmovie200929210434,0.0,0.0,0.0,0.0,0.0,0.0,0.0,0.0,0.0,0.0,0.08788635654074306,0.0,0.0,0.1909147674055573,0.0,0.0,0.0,0.0,0.0,0.02130814861067749,0.0,0.0,0.0,0.0,0.0,0.0,0.0,0.0,0.00023415547923821421,0.010615048392132377,0.0,0.0,0.0,0.0,0.0,0.0031220730565095227,0.0,0.0,0.0032781767093349986,0.01006868560724321,0.0,0.0,0.0,0.0,0.06244146113019045,0.0,0.02333749609740868,0.0,0.010302841086481423,0.0,0.0,0.2094130502653762,0.0,0.0,0.0,0.07641273805807056,0.2906650015610365,0.0,0.0,0.0,0.0,0.0,0.0,0.0,0.0,0.0,3
21,03YBmajfd_antmovie200928200603,0.0,0.0,0.0,0.0,0.0,0.0,0.0,0.0,0.0014720314033366045,0.0,0.2129538763493621,0.0,0.0,0.1182531894013739,0.0,0.0,0.0,0.0,0.0,0.08881256133464181,0.0,0.0,0.0,0.0,0.0,0.0,0.0,0.0,0.0,0.0,0.0,0.0,0.0,0.0,0.0,0.0,0.0,0.0,0.053974484789008834,0.0,0.0,0.0,0.0,0.0,0.01324828263002944,0.0,0.055937193326790965,0.0,0.08341511285574092,0.0,0.0,0.12904808635917567,0.0,0.0,0.0,0.1467124631992149,0.06133464180569185,0.0,0.0,0.0,0.0,0.0,0.03483807654563297,0.0,0.0,0.0,3
22,05DDminfr_antmovie200926210700,0.0,0.0,0.0,0.0,0.0,0.0,0.0,0.0,0.0,0.0,0.0999034749034749,0.0,0.0,0.2683397683397684,0.0,0.0,0.0,0.0,0.0,0.0072393822393822405,0.0,0.0,0.0,0.0,0.0,0.0,0.0,0.0,0.0,0.0,0.0,0.0,0.0,0.0,0.0,0.0,0.0,0.0,0.0,0.0,0.0,0.0,0.0,0.0,0.013030888030888031,0.0,0.0,0.0,0.0,0.0,0.056467181467181465,0.2673745173745174,0.0,0.0,0.0,0.2485521235521236,0.03909266409266409,0.0,0.0,0.0,0.0,0.0,0.0,0.0,0.0,0.0,1
23,04Ydmidfd_antmovie200924204337,0.0,0.0,0.0,0.0,0.0,0.0,0.0,0.0,0.0,0.0,0.202020202020202,0.0,0.0,0.30303030303030304,0.0,0.0,0.0,0.0,0.0,0.0,0.0,0.0,0.0,0.0,0.0,0.0,0.0,0.0,0.0,0.0,0.0,0.0,0.0,0.0,0.0,0.0,0.0,0.0,0.0,0.0,0.0,0.0,0.0,0.0,0.0,0.0,0.0,0.0,0.0,0.0,0.0,0.18181818181818185,0.0,0.0,0.0,0.020202020202020204,0.2929292929292929,0.0,0.0,0.0,0.0,0.0,0.0,0.0,0.0,0.0,2
24,00AAmidfr_antmovie200926192619,0.0,0.0,0.0,0.0,0.0,0.0,0.0,0.0,0.0,0.0,0.0,0.0,0.0,0.0,0.0,0.0,0.0,0.0,0.0,0.0,0.0,0.0,0.0,0.0,0.0,0.0,0.0,0.0,0.0,0.0,0.0,0.0,0.0,0.0,0.0,0.0,0.0,0.0,1.0,0.0,0.0,0.0,0.0,0.0,0.0,0.0,0.0,0.0,0.0,0.0,0.0,0.0,0.0,0.0,0.0,0.0,0.0,0.0,0.0,0.0,0.0,0.0,0.0,0.0,0.0,0.0,2
25,10BYmidfd_antmovie200928222534,0.0,0.0,0.0,0.0,0.0,0.0,0.0,0.0,0.0,0.0,0.1247296322999279,0.0,0.0,0.20908435472242248,0.0,0.0,0.0,0.0,0.0,0.0,0.0,0.0,0.0,0.0,0.0,0.0,0.0,0.0,0.0,0.0,0.0,0.0,0.0,0.0,0.0,0.0,0.0,0.0,0.0,0.0,0.0,0.0,0.0,0.0,0.0,0.0,0.0,0.0,0.0,0.0,0.0,0.2518625330449411,0.0,0.0,0.0,0.12953616919009853,0.28478731074260993,0.0,0.0,0.0,0.0,0.0,0.0,0.0,0.0,0.0,2
26,06dYmajfd_antmovie200924214927,0.0,4.295348137966583e-05,0.01795455521670031,0.009535672866285812,0.0028778832524376107,0.0067866500579872,0.007731626648339848,0.0,0.00012886044413899743,0.0,0.13985653537219192,0.0,0.0,0.16781925175035434,0.014346462780808384,0.0,0.015592113740818694,0.0,0.0,0.04540182981830677,0.0,0.0,0.0,0.0,0.0,0.0,0.0,0.0,4.295348137966583e-05,0.006528929169709204,0.0,0.0,0.0,0.0,0.0,0.006614836132468537,0.0,0.0,0.0030067436965766077,0.0,0.005540999097976891,0.0,0.0,0.0,0.067222198359177,0.0,0.10502126197328293,0.0,0.007259138353163524,0.0,0.0,0.11666165542717236,0.0,0.0,0.0,0.08715261371934195,0.16687427516000172,0.0,0.0,0.0,0.0,0.0,0.0,0.0,0.0,0.0,3
27,01ROmidfd_antmovie200928192245,0.0,0.0,0.0,0.0,0.0,0.0,0.0,0.0,0.0,0.0,0.13276231263383298,0.0,0.0,0.2541042112776588,0.0,0.0,0.0,0.0,0.0,0.0007137758743754461,0.0,0.0,0.0,0.0,0.0,0.0,0.0,0.0,0.0,0.0,0.0,0.0,0.0,0.0,0.0,0.0,0.0,0.0,0.03069236259814418,0.0,0.0,0.0,0.0,0.0,0.007851534618129907,0.0,0.0,0.0,0.0,0.0,0.0,0.18558172733761602,0.0,0.0,0.0,0.3882940756602427,0.0,0.0,0.0,0.0,0.0,0.0,0.0,0.0,0.0,0.0,2
28,03WPmajfr_antmovie201010200214,0.0,0.0,0.0,0.0,0.0,0.0,0.0,0.0,0.0,0.0,0.17095337635190402,0.0,0.0,0.19103880759792785,0.0,0.0,0.0,0.0,0.0,0.01490502590202672,0.0,0.0,0.0,0.0,0.0,0.0,0.0,0.0,0.0010906116513678089,0.0,0.0,0.0,0.0,0.0,0.0,0.005725711169680996,0.015359447423429972,0.0,0.00372625647550668,0.0,0.0,0.0,0.0,0.0,0.003362719258384077,0.0,0.0002726529128419522,0.0,0.0031809506498227755,0.0,0.0,0.18440425338544034,0.0,0.0,0.0,0.1979460147232573,0.20803417249840955,0.0,0.0,0.0,0.0,0.0,0.0,0.0,0.0,0.0,3
29,05WOmajfr_antmovie201010204948,0.0,0.0,0.0,0.0,0.0,0.0,0.0,0.0,0.0,0.0,0.15574394087599175,0.0,0.0,0.2267144875557005,0.0,0.0,0.0,0.0,0.0,0.0018476252581241172,0.0,0.0,0.0,0.0,0.0,0.0,0.0,0.0,0.0013042060645582002,0.0,0.0,0.0,0.0,0.0,0.0,0.0,0.0,0.0,0.013911531355287471,0.0,0.0,0.0,0.01065101619389197,0.0,0.0016302575806977505,0.0,0.011520486903597436,0.0,0.003803934354961417,0.0,0.0,0.21834583197478533,0.0,0.0,0.0,0.2660580371698729,0.08846864471253124,0.0,0.0,0.0,0.0,0.0,0.0,0.0,0.0,0.0,3
30,05DDminfd_antmovie200926211835,0.0,0.0,0.0,0.0,0.0,0.0,0.0,0.0,0.0,0.0,0.09664429530201342,0.0,0.0,0.3449664429530201,0.0,0.0,0.0,0.0,0.0,0.0,0.0,0.0,0.0,0.0,0.0,0.0,0.0,0.0,0.0,0.0,0.0,0.0,0.0,0.0,0.0,0.0,0.0,0.0,0.0,0.0,0.0,0.0,0.0,0.0,0.0,0.0,0.0,0.0,0.0,0.0,0.0,0.33691275167785234,0.0,0.0,0.0,0.18926174496644296,0.032214765100671144,0.0,0.0,0.0,0.0,0.0,0.0,0.0,0.0,0.0,1
31,02XXmidfr_antmovie200929192644,0.0,0.0,0.0,0.0,0.0,0.0,0.0,0.0,0.0,0.0,0.0935942056250588,0.0,0.0,0.1077979493932838,0.0,0.0,0.0,0.0,0.0,0.003950710187188411,0.0,0.0,0.0,0.0,0.0,0.0,0.0,0.0,0.25246919386699274,0.0,0.0,0.0,0.0,0.0,0.0,0.005737936224249836,0.2630984855610949,0.0,0.00253974226319255,0.0,0.0,0.0,0.0,0.0,9.406452826639074e-05,0.0,0.0,0.0,0.0,0.0,0.0,0.06584516978647352,0.0,0.0,0.0,0.19330260558743295,0.005455742639450663,0.0,0.0,0.0061141943373153994,0.0,0.0,0.0,0.0,0.0,0.0,2
32,09dWminfd_antmovie200926224729,0.0,0.0,0.0,0.0,0.0,0.0,0.0,0.0,0.0,0.0,0.0635593220338983,0.0,0.0,0.1822033898305085,0.0,0.0,0.0,0.0,0.0,0.0,0.0,0.0,0.0,0.0,0.0,0.0,0.0,0.0,0.0,0.0,0.0,0.0,0.1822033898305085,0.0,0.0,0.0,0.0,0.0,0.0,0.0,0.0,0.0,0.0,0.0,0.0,0.0,0.0,0.0,0.0,0.0,0.0,0.2860169491525424,0.0,0.0,0.0,0.2860169491525424,0.0,0.0,0.0,0.0,0.0,0.0,0.0,0.0,0.0,0.0,1
33,09BRmajfr_antmovie200928215349,0.0,0.0,0.0,0.0,0.0,0.0,0.0,0.0,0.0,0.0,0.14441604404246952,0.0,0.0,0.2046795123869445,0.0,0.0,0.0,0.0,0.0,0.025756979944946908,0.0,0.0,0.0,0.0,0.0,0.0,0.0,0.0,0.007274872198191113,0.0,0.0,0.0,0.0,0.0,0.0,0.0020644907589461264,0.014549744396382226,0.0,0.0,0.0,0.0,0.0,0.0,0.0,0.01838379866299646,0.0,0.031950452221785296,0.0,0.001867872591427448,0.0,0.0,0.17164766024380654,0.0,0.0,0.0,0.1548368069209595,0.2225717656311443,0.0,0.0,0.0,0.0,0.0,0.0,0.0,0.0,0.0,3
34,09BRmajfd_antmovie200928221355,0.0,0.0,0.0,0.0,0.0,0.0,0.0,0.0,0.0,0.0,0.1286503551696922,0.0,0.0,0.1870560378847672,0.0,0.0,0.0,0.0,0.0,0.044988161010260465,0.027308602999210733,0.0,0.0,0.0,0.0,0.0,0.0,0.0,0.0,0.0,0.0,0.0,0.0,0.0,0.0,0.02194159431728493,0.0,0.0,0.06440410418310971,0.026835043409629045,0.0,0.0,0.0,0.0,0.017048145224940806,0.0,0.00031570639305445933,0.0,0.025887924230465667,0.0,0.0,0.14333070244672455,0.0,0.0,0.0,0.05130228887134965,0.2609313338595107,0.0,0.0,0.0,0.0,0.0,0.0,0.0,0.0,0.0,3
35,07WYminfd_antmovie200929213625,0.0,0.0,0.0,0.0,0.0,0.0,0.0,0.0,0.0,0.0,0.10881063926250567,0.0,0.0,0.3226537705909022,0.0,0.0,0.0,0.0,0.0,0.0,0.0,0.0,0.0,0.0,0.0,0.0,0.0,0.0,0.0,0.0,0.0,0.0,0.0,0.0,0.0,0.0,0.0,0.0,0.014205833459271571,0.0,0.0,0.0,0.0,0.0,0.0,0.0,0.0,0.0,0.0,0.0,0.0,0.21898141151579265,0.0,0.0,0.0,0.0482091582288046,0.26734169563246185,0.0,0.01979749131026145,0.0,0.0,0.0,0.0,0.0,0.0,0.0,1
36,01Pdminfd_antmovie200927193143,0.0,0.0,0.0,0.0,0.0,0.0,0.0,0.0,0.05310344827586207,0.0,0.04896551724137931,0.0,0.0,0.2875862068965517,0.0,0.0,0.0,0.0,0.0,0.0006896551724137929,0.0,0.0,0.0,0.0,0.0,0.0,0.0,0.0,0.014482758620689656,0.0,0.0,0.0,0.0,0.0,0.0,0.0,0.0,0.0,0.0,0.0,0.0,0.0,0.0,0.0,0.0,0.0,0.0,0.0,0.0,0.0,0.0,0.2662068965517241,0.0,0.0,0.0,0.13310344827586207,0.03517241379310345,0.0,0.0,0.0,0.0,0.0,0.0,0.1606896551724138,0.0,0.0,1
37,04Ydmidfd_antmovie200924205307,0.0,0.0,0.0,0.0,0.0,0.0,0.0,0.0,0.0,0.0,0.11219512195121953,0.0,0.0,0.11707317073170732,0.0,0.0,0.0,0.0,0.0,0.0,0.0,0.0,0.0,0.0,0.0,0.0,0.0,0.0,0.0,0.0,0.0,0.0,0.0,0.0,0.0,0.0,0.0,0.0,0.07317073170731707,0.0,0.0,0.0,0.0,0.0,0.0,0.0,0.0,0.0,0.0,0.0,0.0,0.12682926829268293,0.0,0.0,0.0,0.12682926829268293,0.4439024390243903,0.0,0.0,0.0,0.0,0.0,0.0,0.0,0.0,0.0,2
38,02RRmajfr_antmovie200924193332,0.0,0.0,0.0,0.0,0.0,0.0,0.0,0.0,0.0,0.0,0.0964116560969736,0.0,0.0,0.2361724331701052,0.0,0.0,0.0,0.0,0.0,0.010516175644216105,0.0,0.0,0.0,0.0,0.0,0.0,0.0,0.0,0.0,0.0,0.0,0.0,0.0,0.0,0.0,0.0,0.0,0.0,0.004334912097615798,0.0,0.0,0.0,0.0,0.0,0.010275347194348559,0.0,0.00032110459982339246,0.0,0.008830376495143294,0.0,0.0,0.238901822268604,0.0,0.0,0.0,0.06117042626635626,0.31869631532471704,0.0,0.0,0.0,0.014369430842096813,0.0,0.0,0.0,0.0,0.0,3
39,03PPmajfd_antmovie200927201541,0.0,0.0,0.0,0.0,0.0,0.0,0.0,0.0,0.0,0.0,0.1743222891566265,0.0,0.0,0.21460843373493976,0.0,0.0,0.0,0.0,0.0,0.0,0.0,0.0,0.0,0.0,0.0,0.0,0.0,0.0,0.0,0.0,0.0,0.0,0.0,0.0,0.0,0.0,0.011295180722891566,0.0,0.0,0.0,0.0,0.0,0.0,0.0,0.0,0.0,0.0,0.0,0.0,0.0,0.0,0.1743222891566265,0.0,0.0,0.0,0.20143072289156627,0.2240210843373494,0.0,0.0,0.0,0.0,0.0,0.0,0.0,0.0,0.0,3
40,13RGmajfr_antmovie200927225156,0.0,0.0,0.0,0.0,0.0,0.0,0.0,0.0,0.0,0.0,0.1980144010473489,0.0,0.0,0.2333624263582806,0.0,0.0,0.032620554222125245,0.0,0.0,0.0078551167357626,0.0,0.0,0.0,0.0,0.0,0.0,0.0,0.0,0.0010909884355225837,0.0,0.0,0.0,0.0,0.0,0.0,0.0,0.015601134627972944,0.0,0.0,0.0,0.0,0.0,0.0,0.0,0.0010909884355225837,0.0,0.006873227143792276,0.0,0.0060004363953742096,0.0,0.0,0.15644774165393846,0.0,0.0,0.0,0.3050403665721144,0.036002618372245256,0.0,0.0,0.0,0.0,0.0,0.0,0.0,0.0,0.0,3
41,08GBmajfd_antmovie201010220356,0.0,0.0,0.0,0.0,0.0,0.0,0.0,0.0,0.01855287569573284,0.0,0.11595547309833025,0.0,0.0,0.23562152133580705,0.0,0.0,0.0,0.0,0.0,0.01855287569573284,0.0,0.0,0.0,0.0,0.0,0.0,0.0,0.0,0.0,0.0,0.0,0.0,0.0,0.0,0.0,0.0,0.0,0.0,0.040816326530612235,0.1836734693877551,0.0,0.0,0.0,0.0,0.00927643784786642,0.0,0.0,0.0,0.03710575139146568,0.0,0.0,0.11038961038961037,0.0,0.0,0.0,0.14935064935064934,0.08070500927643785,0.0,0.0,0.0,0.0,0.0,0.0,0.0,0.0,0.0,3
42,02dPmajfr_antmovie200927195452,0.0,0.0,0.0,0.0,0.0,0.0,0.0,0.0,0.0,0.0,0.12622295714482568,0.0,0.0,0.1889210417527904,0.0,0.0,0.0,0.0,0.0,0.0,0.0,0.0,0.0,0.0,0.0,0.0,0.0,0.0,0.0022047678103899685,0.0,0.0,0.0,0.0,0.0,0.0,0.011575031004547334,0.00950806118230674,0.0,0.006063111478572413,0.0,0.0,0.0,0.0,0.0,0.0,0.0,0.0,0.0,0.0,0.0,0.0,0.2207523770152956,0.0,0.0,0.0,0.06421386247760782,0.370538790133664,0.0,0.0,0.0,0.0,0.0,0.0,0.0,0.0,0.0,3
43,02BGmajfr_antmovie200929195124,0.0,0.0,0.0,0.0,0.0,0.0,0.0,0.0,0.0,0.0,0.16214093357271095,0.0,0.0,0.2182450628366248,0.0,0.0,0.0,0.0,0.0,0.028725314183123882,0.002244165170556553,0.0,0.0,0.0,0.0,0.0,0.0,0.0,0.0,0.005161579892280072,0.0,0.0,0.0,0.0,0.0,0.0,0.0,0.003478456014362657,0.007181328545780971,0.0,0.0,0.0,0.0,0.0,0.009201077199281869,0.0,0.015035906642728903,0.0,0.027378815080789945,0.0,0.0,0.13902603231597846,0.0,0.013128366247755836,0.0,0.11131059245960502,0.2528052064631957,0.0,0.0,0.0,0.0,0.0,0.004937163375224415,0.0,0.0,0.0,3
44,07GYmajfr_antmovie201010213128,0.0,0.0,0.0,0.0,0.0,0.0,0.0,0.0,0.0,0.0,0.12218159658744668,0.0,0.0,0.21501117204956327,0.0,0.017570587040422508,0.0,0.0,0.0,0.007617306520414382,0.0,0.0,0.0,0.0,0.0,0.0,0.0,0.0,0.0008125126955108674,0.002843794434288036,0.0,0.0,0.0018281535648994515,0.0,0.0,0.008937639650619542,0.006804793824903514,0.0,0.0,0.0,0.0,0.0,0.0,0.0,0.005382896607759496,0.0,0.0,0.0,0.00964858825919155,0.0,0.01604712573633963,0.19845622587852932,0.0,0.0,0.0,0.3080438756855576,0.07881373146455413,0.0,0.0,0.0,0.0,0.0,0.0,0.0,0.0,0.0,3
45,06dYmajfr_antmovie200924213953,0.0,0.0,0.0,0.0,0.0,0.0,0.0,0.0,0.0,0.0,0.11693781484845983,0.0,0.0,0.14435543810388968,0.0,0.0,0.009084152283425552,0.0,0.0,0.11908497811545132,0.0,0.0,0.0,0.0,0.0,0.0,0.0,0.0,0.0,0.0,0.0,0.0,0.0,0.0,0.00933190189115534,0.0,8.258320257659592e-05,0.0,0.00792798744735321,0.0,0.0,0.0,0.0,0.0,0.12189280700305558,0.0,0.15046659509455776,0.0,0.010488066727227682,0.0,0.0,0.10025600792798743,0.0,0.0,0.0,0.1174333140639194,0.09051119002394913,0.0,0.0,0.0,0.0,0.0,0.002147163266991494,0.0,0.0,0.0,3
46,04Tdminfd_antmovie200927203026,0.0,0.0,0.0,0.0,0.0,0.0,0.0,0.0,0.0,0.0,0.09090909090909093,0.0,0.0,0.3352272727272727,0.0,0.0,0.0,0.0,0.0,0.0,0.0,0.0,0.0,0.0,0.0,0.0,0.0,0.0,0.0,0.0,0.0,0.0,0.0,0.0,0.0,0.0,0.0,0.0,0.0625,0.0,0.0,0.0,0.0,0.0,0.0,0.0,0.0,0.0,0.0,0.0,0.0,0.17613636363636365,0.0,0.0,0.0,0.0,0.3352272727272727,0.0,0.0,0.0,0.0,0.0,0.0,0.0,0.0,0.0,1
47,02XXmidfr_antmovie200929192351,0.0,0.0,0.0,0.0,0.0,0.0,0.0,0.0,0.0,0.0,0.02535211267605634,0.0,0.0,0.024702058504875408,0.0,0.0,0.0,0.0,0.0,0.0,0.0,0.0,0.0,0.0,0.0,0.0,0.0,0.0,0.3358613217768147,0.0,0.0,0.0,0.0,0.0,0.0,0.0,0.5711809317443121,0.0,0.0,0.0,0.0,0.0,0.0,0.0,0.0,0.0,0.0,0.0,0.0,0.0,0.0,0.00715059588299025,0.0,0.0,0.0,0.035752979414951244,0.0,0.0,0.0,0.0,0.0,0.0,0.0,0.0,0.0,0.0,2
48,04Ddminfd_antmovie200926205755,0.0,0.0,0.0,0.0,0.0,0.0,0.0,0.0,0.0,0.0,0.12280701754385966,0.0,0.0,0.10526315789473684,0.0,0.0,0.0,0.0,0.0,0.0,0.0,0.0,0.0,0.0,0.0,0.0,0.0,0.0,0.0,0.0,0.0,0.0,0.0,0.0,0.0,0.0,0.0,0.0,0.0,0.0,0.0,0.0,0.0,0.0,0.0,0.0,0.0,0.0,0.0,0.0,0.0,0.21052631578947367,0.0,0.0,0.0,0.5614035087719298,0.0,0.0,0.0,0.0,0.0,0.0,0.0,0.0,0.0,0.0,1
49,02WGmidfr_antmovie201010193952,0.0,0.0,0.0,0.0,0.0,0.0,0.0,0.0,0.0,0.0,0.16579770594369134,0.0,0.0,0.19655891553701774,0.0,0.0,0.0,0.0,0.0,0.0291970802919708,0.0,0.0,0.0,0.0,0.0,0.0,0.0,0.0,0.0,0.0,0.0,0.0,0.0,0.0,0.0,0.024504692387904068,0.0,0.0,0.022419186652763292,0.0,0.0,0.0,0.0,0.0,0.048488008342022944,0.0,0.01251303441084463,0.0,0.003128258602711157,0.0,0.0,0.1454640250260688,0.0,0.0,0.0,0.2064650677789364,0.1454640250260688,0.0,0.0,0.0,0.0,0.0,0.0,0.0,0.0,0.0,2
50,04Ddminfr_antmovie200926204443,0.0,0.0,0.0,0.0,0.0,0.0,0.0,0.0,0.0,0.0,0.13076923076923078,0.0,0.0,0.20256410256410254,0.0,0.0,0.0,0.0,0.0,0.0,0.0,0.0,0.0,0.0,0.0,0.0,0.0,0.0,0.0,0.0,0.0,0.0,0.0,0.0,0.0,0.0,0.0,0.0,0.0,0.0,0.0,0.0,0.0,0.0,0.0,0.0,0.0,0.0,0.0,0.0,0.0,0.3871794871794872,0.0,0.0,0.0,0.2743589743589744,0.005128205128205128,0.0,0.0,0.0,0.0,0.0,0.0,0.0,0.0,0.0,1
51,07YTminfr_antmovie200928210801,0.0,0.0,0.0,0.0,0.0,0.0,0.0,0.0,0.0,0.0,0.3297872340425532,0.0,0.0,0.1702127659574468,0.0,0.0,0.0,0.0,0.0,0.0,0.0,0.0,0.0,0.0,0.0,0.0,0.0,0.0,0.0,0.0,0.0,0.0,0.0,0.0,0.0,0.0,0.0,0.0,0.0,0.0,0.0,0.0,0.0,0.0,0.0,0.0,0.0,0.0,0.0,0.0,0.0,0.1276595744680851,0.0,0.0,0.0,0.0,0.3723404255319149,0.0,0.0,0.0,0.0,0.0,0.0,0.0,0.0,0.0,1
52,02BGmajfd_antmovie200929195924,0.0,0.0,0.0,0.0,0.0,0.0,0.0,0.0,0.0,0.0,0.18861167482392266,0.0,0.0,0.2294377462098603,0.00011937447773665991,0.0,0.0,0.0,0.0,0.003581234332099797,0.0,0.0,0.0,0.0,0.0,0.0,0.0,0.0,0.0,0.0,0.0,0.0,0.0,0.0,0.0,0.0,0.0,0.02280052524770204,0.009549958218932793,0.0,0.0,0.0,0.0,0.0,0.01181807329592933,0.0,0.005013728064939715,0.0,0.003819983287573117,0.0,0.0,0.13716127491942226,0.0,0.0,0.0,0.1949385221439656,0.19314790497791573,0.0,0.0,0.0,0.0,0.0,0.0,0.0,0.0,0.0,3
53,10GPminfd_antmovie201010224528,0.0,0.0,0.0,0.0,0.0,0.0,0.0,0.0,0.0,0.0,0.0,0.0,0.0,0.0,0.0,0.0,0.0,0.0,0.0,0.0,0.0,0.0,0.0,0.0,0.0,0.0,0.0,0.0,0.0,0.0,0.0,0.0,0.0,0.0,0.0,0.0,0.0,0.0,1.0,0.0,0.0,0.0,0.0,0.0,0.0,0.0,0.0,0.0,0.0,0.0,0.0,0.0,0.0,0.0,0.0,0.0,0.0,0.0,0.0,0.0,0.0,0.0,0.0,0.0,0.0,0.0,1
54,04BTmajfd_antmovie200929204003,0.0,0.0,0.0,0.0,0.0,0.0,0.0,0.0,0.0,0.0,0.1784221525600836,0.0,0.0,0.21786833855799373,0.0,0.0,0.0,0.0,0.0,0.01044932079414838,0.0,0.0,0.0,0.0,0.0,0.0,0.0,0.0,0.0,0.012016718913270635,0.0,0.0,0.0,0.0,0.0,0.0,0.004440961337513062,0.0,0.012539184952978056,0.0,0.0,0.0,0.0,0.0,0.0,0.0,0.0,0.0,0.0,0.0,0.0,0.16614420062695925,0.0,0.0,0.0,0.12800417972831765,0.27011494252873564,0.0,0.0,0.0,0.0,0.0,0.0,0.0,0.0,0.0,3
55,14RPminfd_antmovie200927232318,0.0,0.0,0.0,0.0,0.0,0.0,0.0,0.0,0.0,0.0,0.16065573770491806,0.0,0.0,0.22295081967213115,0.0,0.0,0.0,0.0,0.0,0.006557377049180328,0.0,0.0,0.0,0.0,0.0,0.0,0.0,0.0,0.0,0.0,0.0,0.0,0.0,0.0,0.0,0.0,0.0,0.0,0.0,0.0,0.0,0.0,0.0,0.0,0.0,0.0,0.0,0.0,0.0,0.0,0.0,0.23278688524590166,0.0,0.0,0.0,0.2721311475409836,0.10491803278688523,0.0,0.0,0.0,0.0,0.0,0.0,0.0,0.0,0.0,1
56,05YGminfd_antmovie200928203953,0.0,0.0,0.0,0.0,0.0,0.0,0.0,0.0,0.0,0.0,0.16587395957193818,0.0,0.0,0.2467300832342449,0.0,0.0,0.0,0.0,0.0,0.0,0.0,0.0,0.0,0.0,0.0,0.0,0.0,0.0,0.0,0.0,0.0,0.0,0.0,0.0,0.0,0.0,0.0,0.0,0.0,0.0,0.0,0.0,0.0,0.0,0.0,0.0,0.0,0.0,0.0,0.0,0.0,0.22294887039239,0.0,0.0,0.0,0.2497027348394768,0.11474435196195006,0.0,0.0,0.0,0.0,0.0,0.0,0.0,0.0,0.0,1
57,04Ydmidfd_antmovie200924205710,0.0,0.0,0.0,0.0,0.0,0.0,0.0,0.0,0.0,0.0,0.1392904073587385,0.0,0.0,0.1471747700394218,0.0,0.0,0.0,0.0,0.0,0.21550591327201046,0.0,0.0,0.07621550591327203,0.0,0.0,0.0,0.0,0.0,0.0,0.0,0.0,0.0,0.0,0.0,0.0,0.0,0.0,0.0,0.045992115637319315,0.0,0.0,0.0,0.0,0.0,0.09198423127463863,0.0,0.039421813403416564,0.0,0.039421813403416564,0.0,0.0,0.04204993429697766,0.0,0.0,0.0,0.1616294349540079,0.001314060446780552,0.0,0.0,0.0,0.0,0.0,0.0,0.0,0.0,0.0,2
58,00AAmidfr_antmovie200926190125,0.0,0.0,0.0,0.0,0.0,0.0,0.0,0.0,0.0,0.0,0.05128205128205128,0.0,0.0,0.2307692307692308,0.0,0.0,0.0,0.0,0.0,0.0,0.0,0.0,0.0,0.0,0.0,0.0,0.0,0.0,0.0,0.0,0.0,0.0,0.0,0.0,0.0,0.0,0.0,0.0,0.0,0.0,0.0,0.0,0.0,0.0,0.0,0.0,0.0,0.0,0.0,0.0,0.0,0.28205128205128205,0.0,0.0,0.0,0.0,0.4358974358974359,0.0,0.0,0.0,0.0,0.0,0.0,0.0,0.0,0.0,2
59,04Ydmidfd_antmovie200924205857,0.0,0.0,0.0,0.0,0.0,0.0,0.0,0.0,0.0,0.0,0.1910966340933768,0.0,0.0,0.1986970684039088,0.0,0.0,0.0,0.0,0.0,0.04234527687296417,0.0,0.0,0.0,0.0,0.0,0.0,0.0,0.0,0.0,0.0,0.0,0.0,0.0,0.0,0.0,0.0,0.0,0.0,0.02985884907709012,0.0,0.0,0.0,0.0,0.0,0.0038002171552660147,0.0,0.0027144408251900108,0.0,0.04234527687296417,0.0,0.0,0.17046688382193267,0.0,0.0,0.0,0.2041259500542888,0.11454940282301845,0.0,0.0,0.0,0.0,0.0,0.0,0.0,0.0,0.0,2
60,04YWmajfr_antmovie200928201556,0.0,0.0,0.0,0.0,0.0,0.0,0.0,0.0,0.0,0.0,0.14285714285714285,0.0,0.0,0.2724252491694352,0.0,0.0,0.0,0.0,0.0,0.0,0.0,0.0,0.0,0.0,0.0,0.0,0.0,0.0,0.0,0.0,0.0,0.0,0.0,0.0,0.0,0.0,0.1827242524916944,0.0,0.0,0.0,0.0,0.0,0.0,0.0,0.0,0.0,0.0,0.0,0.0,0.0,0.0,0.1827242524916944,0.0,0.0,0.0,0.20930232558139536,0.009966777408637871,0.0,0.0,0.0,0.0,0.0,0.0,0.0,0.0,0.0,3
61,01Rdmidfr_antmovie200924190721,0.0,0.0,0.0,0.0,0.0,0.0,0.0,0.0,0.0,0.0,0.10571317528177224,0.0,0.0,0.2456276719782355,0.0,0.0,0.0,0.08356004663816556,0.0,0.0,0.0,0.0,0.0,0.0,0.0,0.0,0.0,0.0,0.0,0.0,0.0,0.0,0.0,0.0,0.0,0.0,0.0,0.0,0.0,0.0,0.0,0.0,0.0,0.0,0.0,0.0,0.0,0.0,0.0,0.0,0.0,0.1721725612125923,0.0,0.0,0.0,0.04352895452778857,0.3493975903614458,0.0,0.0,0.0,0.0,0.0,0.0,0.0,0.0,0.0,2
62,02RRmajfd_antmovie200924194252,0.0,0.0,0.0,0.0,0.0,0.0,0.0,0.0,0.015765872079301392,0.0,0.10903941468019826,0.0,0.0,0.25475572338919045,0.0,0.0,0.008543780977106443,0.0036346471560066095,0.0,0.007646919990559358,0.0,0.0,0.0,0.0,0.0,0.0,0.0,0.0,9.440641963653528e-05,0.0,0.0,0.0,0.0,0.0,0.0,0.0008024545669105499,0.0,0.002265754071276847,0.004437101722917158,0.0,0.0,0.0,0.0,0.006372433325466132,0.01062072220911022,0.0,0.0034930375265518057,0.0,0.00561718196837385,0.0,0.0,0.20103847061600189,0.002737786169459523,0.0,0.0,0.07344819447722445,0.27052159546849186,0.0,0.0,0.0,0.0,0.0,0.019164503186216663,0.0,0.0,0.0,3
63,08GBmajfr_antmovie201010215520,0.0,0.0,0.0,0.0,0.0,0.0,0.0,0.0,0.0,0.0,0.247557003257329,0.0,0.0,0.10749185667752444,0.0,0.0,0.0,0.0,0.0,0.3517915309446254,0.0,0.0,0.0,0.0,0.0,0.0,0.0,0.0,0.0,0.0,0.0,0.0,0.0,0.0,0.0,0.0,0.0,0.0,0.0,0.0,0.0,0.0,0.0,0.0,0.06840390879478828,0.0,0.0032573289902280127,0.0,0.009771986970684038,0.0,0.0,0.10423452768729642,0.0,0.0,0.0,0.0749185667752443,0.03257328990228013,0.0,0.0,0.0,0.0,0.0,0.0,0.0,0.0,0.0,3
64,06dYmajfr_antmovie200924213405,0.0,0.0,0.0,0.0,0.0,0.0,0.0,0.0,0.025172117039586918,0.0,0.21320998278829606,0.02452667814113597,0.0,0.1944922547332186,0.02474182444061962,0.0,0.0,0.0,0.0,0.05271084337349398,0.016781411359724614,0.0,0.0,0.0,0.0,0.0,0.0,0.0,0.0,0.0,0.0,0.0,0.0,0.0,0.0,0.0,0.0,0.0,0.008390705679862307,0.0,0.0,0.0,0.0,0.0,0.03313253012048193,0.0,0.030120481927710843,0.0,0.023881239242685027,0.0,0.0,0.08154044750430292,0.0,0.0,0.0,0.1465146299483649,0.09358864027538727,0.0,0.0,0.0,0.0,0.0,0.03119621342512909,0.0,0.0,0.0,3
65,06dYmajfr_antmovie200924213217,0.0,0.0,0.0,0.0,0.0,0.0,0.0,0.0,0.5408071748878924,0.0,0.0,0.0,0.0,0.0,0.0,0.0,0.0,0.0,0.0,0.0,0.0,0.0,0.0,0.0,0.0,0.0,0.0,0.0,0.0,0.0,0.0,0.0,0.0,0.0,0.0,0.0,0.0,0.0,0.02840059790732436,0.0,0.0,0.0,0.0,0.0,0.0,0.0,0.0,0.0,0.0,0.0,0.0,0.0,0.0,0.0,0.0,0.0,0.0,0.0,0.0,0.0,0.0,0.0,0.4307922272047833,0.0,0.0,0.0,3
66,07GYmajfd_antmovie201010214325,0.0,0.0,0.0,0.0,0.0,0.0,0.0,0.0,0.0,0.0,0.12606005042402016,0.0,0.0,0.21705248682099476,0.0,0.0,0.0,0.0,0.0,0.017648407059362825,0.004354801741920697,0.0,0.0,0.0,0.0,0.0,0.0,0.0,0.0,0.0,0.0,0.0,0.0,0.0,0.0,0.0137520055008022,0.0,0.0,0.010772404308961724,0.0,0.0,0.0,0.0,0.0,0.027962411184964474,0.0,0.0,0.0,0.00045840018336007336,0.0,0.0,0.1592940637176255,0.0,0.0,0.0,0.3841393536557415,0.03850561540224616,0.0,0.0,0.0,0.0,0.0,0.0,0.0,0.0,0.0,3
67,01Rdmidfd_antmovie200924192056,0.0,0.0,0.0,0.0,0.0,0.0,0.0,0.0,0.0,0.0,0.09895565827769218,0.0,0.0,0.28727957541516863,0.0,0.0,0.0,0.0,0.0,0.0,0.0,0.0,0.0,0.0,0.0,0.0,0.0,0.0,0.0,0.0,0.0,0.0,0.0,0.0,0.0,0.0,0.0,0.0,0.0,0.025851737716144498,0.0,0.0,0.0,0.0,0.0,0.0,0.0,0.0,0.0,0.0,0.0,0.22205101866118812,0.0,0.0,0.0,0.020715630885122408,0.3451463790446841,0.0,0.0,0.0,0.0,0.0,0.0,0.0,0.0,0.0,2
68,10BYmidfd_antmovie200928223309,0.0,0.0,0.0,0.0,0.0,0.0,0.0,0.0,0.0,0.0,0.1398662401861006,0.0,0.0,0.28031404478045946,0.0,0.0,0.0,0.0,0.0,0.0,0.0,0.0,0.0,0.0,0.0,0.0,0.0,0.0,0.0,0.0,0.0,0.0,0.0,0.0,0.0,0.0,0.0,0.0,0.05321314335562664,0.0,0.0,0.0,0.0,0.0,0.0,0.0,0.0,0.0,0.0,0.0,0.0,0.19366094794998545,0.0,0.0,0.0,0.2366967141610933,0.09624890956673453,0.0,0.0,0.0,0.0,0.0,0.0,0.0,0.0,0.0,2
69,07Wdmidfd_antmovie200926215810,0.0,0.0,0.0,0.0,0.0,0.0,0.0,0.0,0.0,0.0,0.13931480594154289,0.0,0.0,0.29659798754192623,0.0,0.0,0.0,0.0,0.0,0.0,0.0,0.0,0.0,0.0,0.0,0.0,0.0,0.0,0.0,0.0,0.0,0.0,0.0,0.0,0.0,0.0,0.002275994250119789,0.0,0.0077862961188308565,0.0,0.0,0.0,0.0,0.0,0.0,0.0,0.0,0.0,0.0,0.0,0.0,0.20028749401054144,0.0,0.0,0.0,0.3457115476760901,0.00802587446094873,0.0,0.0,0.0,0.0,0.0,0.0,0.0,0.0,0.0,2
70,02YRminfd_antmovie200928193903,0.0,0.0,0.0,0.0,0.0,0.0,0.0,0.0,0.0,0.0,0.0951867816091954,0.0,0.0,0.298132183908046,0.0,0.0,0.0,0.0,0.0,0.0003591954022988505,0.0,0.0,0.0,0.0,0.0,0.0,0.0,0.0,0.0,0.0,0.0,0.0,0.0,0.0,0.0,0.0,0.0,0.0,0.0,0.0,0.0,0.0,0.0,0.0,0.003232758620689655,0.0,0.0007183908045977011,0.0,0.0,0.0,0.0,0.2550287356321839,0.0,0.0,0.0,0.1512212643678161,0.1961206896551724,0.0,0.0,0.0,0.0,0.0,0.0,0.0,0.0,0.0,1
71,01ROmidfr_antmovie200928191510,0.0,0.0,0.0,0.0,0.0,0.0,0.0,0.0,0.0,0.0,0.15388655462184875,0.0,0.0,0.25131302521008403,0.0,0.0,0.0,0.0,0.0,0.0013130252100840335,0.010241596638655462,0.0,0.0,0.0,0.0,0.0,0.0,0.0,0.0,0.0,0.0,0.0,0.003282563025210084,0.0,0.0,0.0,0.011817226890756302,0.0,0.005908613445378151,0.0,0.0,0.0,0.0,0.0,0.0,0.0,0.0,0.0,0.0,0.0,0.0,0.18868172268907565,0.0,0.0,0.0,0.3609506302521008,0.012605042016806723,0.0,0.0,0.0,0.0,0.0,0.0,0.0,0.0,0.0,2
72,03dBmidfd_antmovie200926204012,0.0,0.0,0.0,0.0,0.0,0.0,0.0,0.0,0.0,0.0,0.19298245614035087,0.0,0.0,0.19298245614035087,0.0,0.0,0.0,0.0,0.0,0.0,0.0,0.0,0.0,0.0,0.0,0.0,0.0,0.0,0.0,0.0,0.0,0.0,0.0,0.0,0.0,0.0,0.0,0.0,0.0,0.0,0.0,0.0,0.0,0.0,0.0,0.0,0.0,0.0,0.0,0.0,0.0,0.14035087719298245,0.0,0.0,0.0,0.4736842105263158,0.0,0.0,0.0,0.0,0.0,0.0,0.0,0.0,0.0,0.0,2
73,03dRmajfd_antmovie200924201624,0.0,0.0,0.0,0.0,0.0,0.0,0.0,0.0,0.0,0.0,0.046547711404189285,0.0,0.0,0.12179984484096197,0.0,0.0,0.0,0.0,0.0,0.08254460822342903,0.0,0.0,0.0,0.0,0.0,0.0,0.0,0.0,0.0,0.0,0.0,0.0,0.0,0.0,0.0,0.05570209464701319,0.0003103180760279286,0.024670287044220324,0.014429790535298682,0.0,0.0,0.0,0.0,0.0,0.18277734678045,0.022032583397982933,0.03506594259115593,0.0,0.018929402637703645,0.02156710628394104,0.0,0.14848719937936386,0.0,0.0,0.0,0.06268425135764158,0.16245151280062065,0.0,0.0,0.0,0.0,0.0,0.0,0.0,0.0,0.0,3
74,01Bdmidfd_antmovie200926200120,0.0,0.0,0.0,0.0,0.0,0.0,0.0,0.0,0.0,0.0,0.1256855575868373,0.0,0.0,0.2477148080438757,0.0,0.0,0.0,0.0,0.0,0.0,0.0,0.0,0.0,0.0,0.0,0.0,0.0,0.0,0.0,0.0,0.0,0.0,0.0,0.0,0.0,0.0,0.02010968921389397,0.0,0.06855575868372943,0.0,0.0,0.0,0.0,0.0,0.0,0.0,0.0,0.0,0.0,0.0,0.0,0.2143510054844607,0.0,0.0,0.0,0.2829067641681901,0.0406764168190128,0.0,0.0,0.0,0.0,0.0,0.0,0.0,0.0,0.0,2
75,01Bdmidfr_antmovie200926195414,0.0,0.0,0.0,0.0,0.0,0.0,0.0,0.0,0.0,0.0,0.10197368421052633,0.0,0.0,0.20614035087719296,0.0,0.0,0.0,0.0,0.0,0.0,0.0,0.0,0.0,0.0,0.0,0.0,0.0,0.0,0.0,0.0,0.0,0.0,0.0,0.0,0.0,0.0,0.0,0.0,0.125,0.0,0.0,0.0,0.0,0.0,0.0,0.0,0.0,0.0,0.0,0.0,0.0,0.2817982456140351,0.0,0.0,0.0,0.2850877192982456,0.0,0.0,0.0,0.0,0.0,0.0,0.0,0.0,0.0,0.0,2
76,09BRmajfd_antmovie200928221729,0.0,0.0,0.0,0.0,0.0,0.0,0.0,0.0,0.0,0.0,0.0480349344978166,0.0,0.0,0.2183406113537118,0.0,0.0,0.0,0.0,0.0,0.07641921397379912,0.0,0.0,0.0,0.0,0.0,0.0,0.0,0.0,0.0,0.0,0.0,0.0,0.0,0.0,0.0,0.0,0.0,0.0,0.1703056768558952,0.0,0.0,0.0,0.0,0.0,0.1615720524017467,0.0,0.0,0.0,0.0,0.0,0.0,0.111353711790393,0.0,0.0,0.0,0.017467248908296942,0.1965065502183406,0.0,0.0,0.0,0.0,0.0,0.0,0.0,0.0,0.0,3
77,02dPmajfd_antmovie200927200230,0.0,0.0,0.0,0.0,0.0,0.0,0.0,0.0,0.0,0.0,0.12104981253347614,0.0,0.0,0.1665773968934119,0.0,0.0,0.0,0.0,0.0,0.04927691483663632,0.0,0.0,0.0,0.0,0.0,0.0,0.0,0.0,0.0,0.0,0.0,0.0,0.0,0.0,0.0,0.03535083020889127,0.0,0.0,0.04017139796464917,0.0,0.0,0.0,0.0,0.0,0.07445099089448312,0.0,0.011247991430101769,0.0,0.05731119442956615,0.0,0.0,0.15854311730048207,0.0,0.0,0.0,0.06588109266202463,0.22013926084627744,0.0,0.0,0.0,0.0,0.0,0.0,0.0,0.0,0.0,3
78,01Pdminfr_antmovie200927192312,0.0,0.0,0.0,0.0,0.0,0.0,0.0,0.0,0.0,0.0,0.03433476394849785,0.0,0.0,0.0815450643776824,0.0,0.0,0.0,0.0,0.0,0.3218884120171674,0.0,0.0,0.0,0.0,0.0,0.0,0.0,0.0,0.0,0.0,0.0,0.0,0.0,0.0,0.0,0.0,0.0,0.0,0.004291845493562232,0.0,0.0,0.0,0.0,0.0,0.24892703862660945,0.0,0.0,0.0,0.0,0.0,0.0,0.03433476394849785,0.0,0.0,0.0,0.2274678111587983,0.04721030042918455,0.0,0.0,0.0,0.0,0.0,0.0,0.0,0.0,0.0,1
79,04YWmajfd_antmovie200928202317,0.0,0.0,0.0,0.0,0.0,0.0,0.0,0.0,0.0,0.0,0.14555468135326516,0.0,0.0,0.2533438237608183,0.0,0.0,0.0,0.0,0.0,0.013768686073957514,0.0,0.0,0.0,0.0,0.0,0.0,0.0,0.0,0.0,0.0,0.0,0.0,0.0,0.0,0.0,0.0,0.0,0.0,0.0,0.0,0.0,0.0,0.0,0.0,0.0011801730920535012,0.0,0.0,0.0,0.0,0.0,0.0,0.17348544453186468,0.0,0.0,0.0,0.023603461841070025,0.3890637293469709,0.0,0.0,0.0,0.0,0.0,0.0,0.0,0.0,0.0,3
80,07Odmajfd_antmovie200927210043,0.0,0.0,0.0,0.0,0.0,0.0,0.0,0.0,0.0,0.0,0.11449451887941535,0.0,0.0,0.18392204628501824,0.0,0.0,0.0,0.0,0.0,0.010962241169305723,0.0,0.0,0.0,0.0,0.0,0.0,0.0,0.0,0.0,0.0,0.0,0.0,0.0,0.0,0.0,0.0,0.0,0.0048721071863581,0.1218026796589525,0.0,0.0,0.0,0.0,0.0,0.010962241169305723,0.0,0.0,0.0,0.1071863580998782,0.0,0.0,0.19853836784409254,0.0,0.0,0.0,0.07917174177831912,0.16808769792935446,0.0,0.0,0.0,0.0,0.0,0.0,0.0,0.0,0.0,3
81,06YPmajfd_antmovie200928210425,0.0,0.0,0.0,0.0,0.0,0.0,0.0,0.0,0.0,0.0,0.1600312256049961,0.0,0.0,0.1994535519125683,0.0,0.0,0.0,0.0,0.0,0.016393442622950817,0.0,0.0,0.0,0.0,0.0,0.0,0.0,0.0,0.0,0.0,0.0,0.0,0.0,0.0,0.0,0.0,0.0,0.0,0.0312256049960968,0.0,0.0,0.0,0.0,0.0,0.00039032006245121,0.0,0.00312256049960968,0.0,0.0,0.0,0.0,0.19437939110070254,0.0,0.0,0.0,0.11943793911007025,0.2755659640905542,0.0,0.0,0.0,0.0,0.0,0.0,0.0,0.0,0.0,3
82,04WTmidfr_antmovie201010202045,0.0,0.0,0.0,0.0,0.0,0.0,0.0,0.0,0.0,0.0,0.15619967793880835,0.0,0.0,0.15619967793880835,0.0,0.0,0.0,0.0,0.0,0.0,0.0,0.0,0.0,0.0,0.0,0.0,0.0,0.0,0.0,0.0,0.0,0.0,0.0,0.0,0.0,0.0,0.0,0.0,0.07085346215780998,0.0,0.0,0.0,0.0,0.0,0.0,0.0,0.0853462157809984,0.0,0.0,0.0,0.0,0.13848631239935588,0.0,0.0,0.0,0.13848631239935588,0.25442834138486314,0.0,0.0,0.0,0.0,0.0,0.0,0.0,0.0,0.0,2
83,08WWmidfd_antmovie200926222746,0.0,0.0,0.0,0.0,0.0,0.0,0.0,0.0,0.007028753993610224,0.0,0.15143769968051118,0.0,0.0,0.1220447284345048,0.0,0.0,0.0,0.0,0.0,0.024920127795527155,0.0,0.0,0.0,0.0,0.0,0.0,0.0,0.0,0.0,0.0,0.0,0.0,0.0,0.0,0.0,0.0,0.0,0.0,0.0,0.0,0.0,0.0,0.0,0.0,0.04281150159744409,0.0,0.20894568690095847,0.0,0.03258785942492013,0.0,0.0,0.09584664536741214,0.0,0.054952076677316296,0.0,0.2095846645367412,0.0044728434504792336,0.0,0.0,0.0,0.0,0.0,0.0,0.0,0.04536741214057508,0.0,2
84,06YPmajfr_antmovie200928205622,0.0,0.0,0.0,0.0,0.0,0.0,0.0,0.0,0.0,0.0,0.11477987421383648,0.0,0.0,0.21769582618639224,0.0,0.0,0.0,0.0,0.0,0.0061463693539165224,0.0,0.0,0.0,0.0,0.0,0.0,0.0,0.0,0.0006432246998284736,0.0,0.0,0.0,0.0,0.0,0.0,0.0,0.0019296740994854203,0.0,0.006289308176100629,0.0,0.0,0.0,0.0,0.0,0.00014293882218410517,0.0,0.0,0.0,0.0013579188107489995,0.0,0.0,0.2346340766152087,0.0,0.0,0.0,0.12049742710120068,0.29588336192109777,0.0,0.0,0.0,0.0,0.0,0.0,0.0,0.0,0.0,3
85,00AAmidfr_antmovie200926191227,0.0,0.0,0.0,0.0,0.0,0.0,0.0,0.0,0.0,0.0,0.16981132075471694,0.0,0.0,0.19811320754716985,0.0,0.0,0.0,0.0,0.0,0.0,0.0,0.0,0.0,0.0,0.0,0.0,0.0,0.0,0.0,0.0,0.0,0.0,0.0,0.0,0.0,0.0,0.0,0.0,0.0,0.0,0.0,0.0,0.0,0.0,0.0,0.0,0.0,0.0,0.0,0.0,0.0,0.3584905660377358,0.0,0.0,0.0,0.07075471698113207,0.2028301886792453,0.0,0.0,0.0,0.0,0.0,0.0,0.0,0.0,0.0,2
86,04Tdminfr_antmovie200927202259,0.0,0.0,0.0,0.0,0.0,0.0,0.0,0.0,0.0,0.0,0.14893617021276595,0.0,0.0,0.2367021276595745,0.0,0.0,0.0,0.0,0.0,0.0,0.0,0.0,0.0,0.0,0.0,0.0,0.0,0.0,0.0,0.0,0.0,0.0,0.0,0.0,0.0,0.0,0.0,0.0,0.06648936170212766,0.0,0.0,0.0,0.0,0.0,0.0,0.0,0.0,0.0,0.0,0.0,0.0,0.2526595744680851,0.0,0.0,0.0,0.06117021276595745,0.23404255319148934,0.0,0.0,0.0,0.0,0.0,0.0,0.0,0.0,0.0,1
87,08YOmidfr_antmovie200928212740,0.0,0.0,0.0,0.0,0.0,0.0,0.0,0.0,0.0,0.0,0.12890733056708162,0.0,0.0,0.2680497925311203,0.0,0.0,0.0,0.0,0.0,0.0,0.0,0.0,0.0,0.0,0.0,0.0,0.0,0.0,0.0,0.0,0.0,0.007883817427385892,0.00636237897648686,0.0,0.0,0.0,0.0,0.0,0.08423236514522822,0.0,0.0,0.0,0.0,0.0,0.0,0.0,0.0,0.0,0.0,0.0,0.0,0.1769017980636238,0.0,0.0,0.0,0.16016597510373445,0.16749654218533885,0.0,0.0,0.0,0.0,0.0,0.0,0.0,0.0,0.0,2
88,04BTmajfr_antmovie200929203218,0.0,0.0,0.0,0.0,0.0,0.0,0.0,0.0,0.0,0.0,0.1474561008554705,0.0,0.0,0.1940567312021612,0.0,0.0,0.0,0.0,0.0,0.036019810895992786,0.047050877982890586,0.0,0.0,0.0,0.0,0.0,0.0,0.0,0.004727600180099055,0.013057181449797388,0.0,0.0,0.0,0.0,0.0,0.010580819450697884,0.027465105808194508,0.0,0.009905447996398021,0.0,0.0,0.0,0.0,0.0,0.020261143628995948,0.0,0.005402971634398919,0.0,0.0015758667266996848,0.0,0.0,0.16996848266546602,0.0,0.0,0.0,0.07181449797388564,0.2406573615488519,0.0,0.0,0.0,0.0,0.0,0.0,0.0,0.0,0.0,3
89,07Odmajfr_antmovie200927205308,0.0,0.0,0.0,0.0,0.0,0.0,0.0,0.0,0.0,0.0,0.1371734993945684,0.0,0.0,0.2305829441273136,0.0,0.0,0.0,0.0,0.0,0.0041515308770108976,0.0,0.0,0.0,0.0,0.0,0.0,0.0,0.0,0.0001729804532087874,0.0,0.0,0.0,0.0,0.0,0.0,0.0,0.0,0.0,0.0,0.0,0.0,0.0,0.0,0.0,0.0072651790347690705,0.0,0.0,0.0,0.0,0.0,0.0,0.1883757135443695,0.0,0.0,0.0,0.12004843452689845,0.3122297180418613,0.0,0.0,0.0,0.0,0.0,0.0,0.0,0.0,0.0,3
90,02BBmidfr_antmovie200926201803,0.0,0.0,0.0,0.0,0.0,0.0,0.0,0.0,0.0,0.0,0.14839797639123106,0.0,0.0,0.2318718381112985,0.0,0.0,0.0,0.0,0.0,0.0,0.0,0.0,0.0,0.0,0.0,0.0,0.0,0.0,0.0,0.0,0.0,0.0,0.0,0.0,0.0,0.0,0.0,0.0,0.01517706576728499,0.0,0.0,0.0,0.0,0.0,0.0,0.0,0.0,0.0,0.0,0.0,0.0,0.2917369308600337,0.0,0.0,0.0,0.2976391231028668,0.01517706576728499,0.0,0.0,0.0,0.0,0.0,0.0,0.0,0.0,0.0,2
91,05YYmajfd_antmovie200924211818,0.0,0.0,0.0,0.0,0.0,0.0,0.0,0.0,0.0,0.0,0.06442444339175746,0.0,0.0,0.05684509711037423,0.0,0.0,0.0,0.0,0.0,0.02700142112742776,0.0,0.0,0.0,0.177167219327333,0.0,0.08953102794883941,0.02889625769777357,0.0,0.00047370914258645187,0.0,0.021316911416390336,0.0,0.0,0.0,0.0,0.0,0.0,0.0,0.0502131691141639,0.0,0.0,0.0,0.0,0.0,0.0885836096636665,0.0,0.03268593083846518,0.0,0.00047370914258645187,0.0,0.0,0.08432022738038844,0.0,0.0,0.0,0.12079583135954525,0.15727143533870205,0.0,0.0,0.0,0.0,0.0,0.0,0.0,0.0,0.0,3
92,08dOminfr_antmovie200927210505,0.0,0.0,0.0,0.0,0.0,0.0,0.0,0.0,0.0,0.0,0.16563467492260062,0.0,0.0,0.23993808049535606,0.0,0.0,0.0,0.0,0.0,0.0,0.0,0.0,0.0,0.0,0.0,0.0,0.0,0.0,0.018575851393188854,0.0,0.0,0.0,0.0,0.0,0.0,0.0,0.0,0.0,0.0,0.0,0.0,0.0,0.0,0.0,0.0,0.0,0.0,0.0,0.0,0.0,0.0,0.17647058823529413,0.0,0.0,0.0,0.12848297213622292,0.2708978328173375,0.0,0.0,0.0,0.0,0.0,0.0,0.0,0.0,0.0,1
93,09GWmajfd_antmovie201010223407,0.0,0.0,0.0,0.0,0.0,0.0,0.0,0.0,0.0,0.0,0.3022522522522523,0.0,0.0,0.15900900900900902,0.0,0.0,0.0,0.0,0.0,0.03198198198198198,0.0,0.0,0.0,0.0,0.0,0.0,0.0,0.0,0.0,0.0,0.0,0.0,0.0,0.0,0.0,0.0,0.0,0.0,0.04234234234234234,0.0,0.0,0.0,0.0,0.0,0.003153153153153153,0.0,0.0,0.0,0.07927927927927927,0.0,0.0,0.13918918918918918,0.0,0.0,0.0,0.2153153153153153,0.02747747747747748,0.0,0.0,0.0,0.0,0.0,0.0,0.0,0.0,0.0,3
94,01BWmidfr_antmovie200929185530,0.0,0.0,0.0,0.0,0.0,0.0,0.0,0.0,0.0,0.0,0.11231101511879048,0.0,0.0,0.2886969042476602,0.0,0.0,0.0,0.0,0.0,0.0,0.0,0.0,0.0,0.0,0.0,0.0,0.0,0.0,0.0,0.0,0.0,0.044276457883369334,0.0014398848092152627,0.0,0.0,0.01907847372210223,0.0,0.0,0.0,0.0,0.0,0.0,0.0,0.0,0.0,0.0,0.0,0.0,0.0,0.0,0.0,0.2116630669546436,0.0,0.0,0.0,0.05111591072714183,0.27141828653707706,0.0,0.0,0.0,0.0,0.0,0.0,0.0,0.0,0.0,2
95,09BRmajfd_antmovie200928220236,0.0,0.0,0.0,0.0,0.0,0.0,0.0,0.0,0.0,0.0,0.1467048710601719,0.0,0.0,0.2022922636103152,0.0,0.0,0.0,0.0,0.0,0.0,0.0,0.0,0.0,0.0,0.0,0.0,0.0,0.0,0.006303724928366762,0.0,0.0,0.0,0.0,0.0,0.0,0.010315186246418338,0.02263610315186246,0.0,0.017191977077363897,0.0,0.0,0.0,0.0,0.0,0.0,0.0,0.014899713467048709,0.0,0.0,0.0,0.0,0.15358166189111747,0.0,0.0,0.0,0.08166189111747851,0.34441260744985674,0.0,0.0,0.0,0.0,0.0,0.0,0.0,0.0,0.0,3
96,07WYminfr_antmovie200929212922,0.0,0.0,0.0,0.0,0.0,0.0,0.0,0.0,0.0,0.0,0.13418986438258387,0.0,0.0,0.31263383297644537,0.0,0.0,0.0,0.0,0.0,0.0,0.0,0.0,0.0,0.0,0.0,0.0,0.0,0.0,0.0,0.0,0.0,0.0,0.0,0.0,0.0,0.0,0.0,0.0,0.01177730192719486,0.0,0.0,0.0,0.0,0.0,0.0,0.0,0.0,0.0,0.0,0.0,0.0,0.2669521770164168,0.0,0.0,0.0,0.13740185581727338,0.13704496788008566,0.0,0.0,0.0,0.0,0.0,0.0,0.0,0.0,0.0,1
97,04YWmajfr_antmovie200928201629,0.0,0.0,0.0,0.0,0.0,0.0,0.0,0.0,0.0,0.0,0.13234782608695653,0.0,0.0,0.2330434782608696,0.0,0.0,0.0,0.0,0.0,0.01008695652173913,0.0,0.0,0.0,0.0,0.0,0.0,0.0,0.0,0.0,0.0,0.0,0.0,0.0,0.0,0.0,0.0,0.007478260869565217,0.0,0.009391304347826087,0.0,0.0,0.0,0.0,0.0,0.001217391304347826,0.0,0.0031304347826086962,0.0,0.0,0.0,0.0,0.20939130434782607,0.0,0.0,0.0,0.10034782608695653,0.2935652173913044,0.0,0.0,0.0,0.0,0.0,0.0,0.0,0.0,0.0,3
98,01Rdmidfd_antmovie200924191610,0.0,0.0,0.0,0.0,0.0,0.0,0.0,0.0,0.0,0.0,0.11361587015329125,0.0,0.0,0.34265103697024346,0.0,0.0,0.0,0.0,0.0,0.0,0.0,0.0,0.0,0.0,0.0,0.0,0.0,0.0,0.0,0.0,0.0,0.0,0.0,0.0,0.0,0.0,0.0,0.0,0.020739404869251576,0.0,0.0,0.0,0.0,0.0,0.0,0.0,0.0,0.0,0.0,0.0,0.0,0.1920649233543733,0.0,0.0,0.0,0.020739404869251576,0.3101893597835888,0.0,0.0,0.0,0.0,0.0,0.0,0.0,0.0,0.0,2
99,03BPmajfd_antmovie200929202743,0.0,0.0,0.0,0.0,0.0,0.0,0.0,0.0,0.0,0.0,0.09022556390977443,0.0,0.0,0.15037593984962405,0.0,0.0,0.0,0.0,0.0,0.0,0.0,0.0,0.0,0.0,0.0,0.0,0.0,0.0,0.0,0.0,0.0,0.0,0.0,0.0,0.0,0.0,0.0,0.0,0.0,0.0,0.0,0.0,0.0,0.0,0.0,0.0,0.0,0.0,0.0,0.0,0.0,0.14285714285714285,0.0,0.0,0.0,0.12030075187969926,0.4962406015037594,0.0,0.0,0.0,0.0,0.0,0.0,0.0,0.0,0.0,3
100,07Wdmidfr_antmovie200926214911,0.0,0.0,0.0,0.0,0.0,0.0,0.0,0.0,0.0,0.0,0.12642919964819702,0.0,0.0,0.2937554969217238,0.0,0.0,0.0,0.0,0.0,0.015391380826737027,0.0,0.0,0.0,0.0,0.0,0.0,0.0,0.0,0.0015391380826737027,0.0,0.0,0.0,0.0,0.0,0.0,0.0,0.039797713280562884,0.0,0.032541776605101144,0.0,0.0,0.0,0.0,0.0,0.03364116094986808,0.0,0.009014951627088829,0.0,0.0,0.0,0.0,0.14599824098504838,0.0,0.0,0.0,0.2950747581354441,0.006816182937554969,0.0,0.0,0.0,0.0,0.0,0.0,0.0,0.0,0.0,2
101,06dDminfr_antmovie200926212457,0.0,0.0,0.0,0.0,0.0,0.0,0.0,0.0,0.0,0.0,0.65625,0.0,0.0,0.0,0.0,0.0,0.0,0.0,0.0,0.0,0.0,0.0,0.0,0.0,0.0,0.0,0.0,0.0,0.0,0.0,0.0,0.0,0.0,0.0,0.0,0.0,0.0,0.0,0.0,0.0,0.0,0.0,0.0,0.0,0.0,0.0,0.0,0.0,0.03125,0.0,0.0,0.3125,0.0,0.0,0.0,0.0,0.0,0.0,0.0,0.0,0.0,0.0,0.0,0.0,0.0,0.0,1
102,05YGminfr_antmovie200928203217,0.0,0.0,0.0,0.0,0.0,0.0,0.0,0.0,0.0,0.0,0.1024390243902439,0.0,0.0,0.22926829268292684,0.0,0.0,0.0,0.0,0.0,0.0,0.0,0.0,0.0,0.0,0.0,0.0,0.0,0.0,0.0,0.0,0.0,0.0,0.0,0.0,0.0,0.0,0.0,0.0,0.0,0.0,0.0,0.0,0.0,0.0,0.0,0.0,0.0,0.0,0.0,0.0,0.0,0.23089430894308946,0.0,0.0,0.0,0.3642276422764228,0.07317073170731707,0.0,0.0,0.0,0.0,0.0,0.0,0.0,0.0,0.0,1
103,04WTmidfd_antmovie201010203755,0.0,0.0,0.0,0.0,0.0,0.0,0.0,0.0,0.0007574609907589759,0.0,0.12482957127707925,0.0,0.01545220421148311,0.21284653840327225,0.0,0.0,0.0,0.0,0.0,0.02408725950613544,0.0,0.0,0.0,0.0,0.0,0.0,0.0,0.0,0.0,0.0,0.0,0.0,0.0,0.0,0.0,0.0,0.0001514921981517952,0.0,0.006514164520527193,0.0,0.0,0.0,0.0,0.0,0.021814876533858503,0.0,0.06317224662929859,0.0,0.008786547492804121,0.0,0.0,0.1764884108468414,0.0,0.0,0.0,0.0660505983941827,0.26859566732313284,0.0,0.0,0.0,0.0,0.0,0.010452961672473868,0.0,0.0,0.0,2
104,06dDminfd_antmovie200926213750,0.0,0.0,0.0,0.0,0.0,0.0,0.0,0.0,0.0,0.0,0.06666666666666668,0.0,0.0,0.12,0.0,0.0,0.0,0.0,0.0,0.0,0.0,0.0,0.0,0.0,0.0,0.0,0.0,0.0,0.0,0.0,0.0,0.0,0.0,0.0,0.0,0.0,0.0,0.0,0.0,0.0,0.0,0.0,0.0,0.0,0.0,0.0,0.0,0.0,0.0,0.0,0.0,0.2933333333333333,0.0,0.0,0.0,0.52,0.0,0.0,0.0,0.0,0.0,0.0,0.0,0.0,0.0,0.0,1
105,08YOmidfd_antmovie200928213524,0.0,0.0,0.0,0.0,0.0,0.0,0.0,0.0,0.0,0.0,0.133139227104288,0.0,0.0,0.27799100052938064,0.0,0.0,0.0,0.0,0.0,0.008867125463208047,0.0,0.0,0.0,0.0,0.0,0.0,0.0,0.0,0.0,0.0,0.0,0.0,0.0,0.0,0.0,0.0,0.0015881418740074113,0.0,0.00277924827951297,0.0,0.0,0.0,0.0,0.0,0.002448385389094759,0.0,0.0,0.0,0.0017866596082583375,0.0,0.0,0.19732662784542085,0.0,0.0,0.0,0.35468501852832185,0.019388565378507142,0.0,0.0,0.0,0.0,0.0,0.0,0.0,0.0,0.0,2
106,03PPmajfr_antmovie200927200919,0.0,0.0,0.0,0.0,0.0,0.0,0.0,0.0,0.0,0.0,0.14927380311995694,0.0,0.0,0.2606239913932222,0.0,0.0,0.0,0.0,0.0,0.0,0.0,0.0,0.0,0.0,0.0,0.0,0.0,0.0,0.0,0.0,0.0,0.0,0.0,0.0,0.0,0.0,0.0018827326519634208,0.0,0.0,0.0,0.0,0.0,0.0,0.0,0.0,0.0,0.0,0.0,0.0,0.0,0.0,0.20656266810112964,0.0,0.0,0.0,0.2982786444324906,0.08337816030123722,0.0,0.0,0.0,0.0,0.0,0.0,0.0,0.0,0.0,3
107,11GTmajfd_antmovie201010225841,0.0,0.0,0.0,0.0,0.0,0.0,0.0,0.0,0.0,0.0,0.2017116965933881,0.0,0.0,0.25977513005537844,0.0,0.0,0.0,0.0,0.0,0.0021815740896123513,0.0,0.0,0.0,0.0,0.0,0.0,0.0,0.0,0.0,0.0,0.0,0.0,0.0,0.0,0.0,0.0,0.0,0.0,0.01745259271689881,0.0,0.0,0.0,0.0,0.0,0.010740057056553114,0.0,0.0,0.0,0.011075683839570395,0.0,0.0,0.10521899647591876,0.0,0.0,0.0,0.13559322033898305,0.2562510488336969,0.0,0.0,0.0,0.0,0.0,0.0,0.0,0.0,0.0,3
108,12RWminfr_antmovie200927223201,0.0,0.0,0.0,0.0,0.0,0.0,0.0,0.0,0.0,0.0,0.16568047337278108,0.0,0.0,0.15976331360946747,0.0,0.0,0.0,0.0,0.0,0.0,0.0,0.0,0.0,0.0,0.0,0.0,0.0,0.0,0.0,0.0,0.0,0.0,0.0,0.0,0.0,0.0,0.0,0.0,0.0,0.0,0.0,0.0,0.0,0.0,0.0,0.0,0.0,0.0,0.0,0.0,0.0,0.1124260355029586,0.0,0.0,0.0,0.242603550295858,0.3195266272189349,0.0,0.0,0.0,0.0,0.0,0.0,0.0,0.0,0.0,1
109,09OOminfd_antmovie200927213350,0.0,0.0,0.0,0.0,0.0,0.0,0.0,0.0,0.0,0.0,0.1149133924799324,0.0,0.0,0.24334600760456274,0.0,0.0,0.0,0.0,0.0,0.0,0.0,0.0,0.0,0.0,0.0,0.0,0.0,0.0,0.0,0.0,0.0,0.0,0.0,0.0,0.0,0.0,0.0,0.0,0.0,0.0,0.0,0.0,0.0,0.0,0.0,0.0,0.0,0.0,0.0,0.0,0.0,0.2268694550063371,0.0,0.0,0.0,0.0975918884664132,0.31727925644275456,0.0,0.0,0.0,0.0,0.0,0.0,0.0,0.0,0.0,1
110,05YYmajfr_antmovie200924210947,0.0,0.0,0.0,0.0,0.0,0.0,0.0,0.0,0.0,0.0,0.2394279563278487,0.0,0.0,0.1347070582807935,0.0,0.0,0.0,0.0,0.0,0.0811932954021221,0.0,0.0,0.0,0.0,0.0,0.0,0.0,0.0,0.0006151007227433493,0.0,0.0,0.0,0.0,0.0,0.0,0.0,0.006919883130862679,0.0,0.030908811317853294,0.0,0.0,0.0,0.0,0.0,0.014454866984468706,0.0,0.004767030601260956,0.0,0.038751345532831,0.0,0.0,0.1702291250192219,0.0,0.0,0.0,0.14085806550822694,0.13409195755805012,0.0,0.0,0.0,0.0,0.0,0.003075503613716746,0.0,0.0,0.0,3
111,14RPminfr_antmovie200927231459,0.0,0.0,0.0,0.0,0.0,0.0,0.0,0.0,0.0,0.0,0.14033680834001605,0.0,0.0,0.24699278267842825,0.0,0.0,0.0,0.0,0.0,0.0,0.0,0.0,0.0,0.0,0.0,0.0,0.0,0.0,0.0,0.0,0.0,0.0,0.0,0.0,0.0,0.0,0.0,0.0,0.0,0.0,0.0,0.0,0.0,0.0,0.0,0.0,0.0,0.0,0.0,0.0,0.0,0.24779470729751404,0.0,0.0,0.0,0.058540497193263825,0.3063352044907779,0.0,0.0,0.0,0.0,0.0,0.0,0.0,0.0,0.0,1
112,06TTminfr_antmovie200927204039,0.0,0.0,0.0,0.0,0.0,0.0,0.0,0.0,0.0,0.0,0.16831683168316833,0.0,0.0,0.25742574257425743,0.0,0.0,0.0,0.0,0.0,0.0,0.0,0.0,0.0,0.0,0.0,0.0,0.0,0.0,0.0,0.0,0.0,0.0,0.0,0.0,0.0,0.0,0.0,0.0,0.0,0.0,0.0,0.0,0.0,0.0,0.0,0.0,0.0,0.0,0.0,0.0,0.0,0.23564356435643566,0.0,0.0,0.0,0.1188118811881188,0.2198019801980198,0.0,0.0,0.0,0.0,0.0,0.0,0.0,0.0,0.0,1
113,05BOmajfr_antmovie200929204645,0.0,0.0,0.0,0.0,0.0,0.0,0.0,0.0,0.0,0.0,0.18266957628659755,0.0,0.0,0.2304055282778687,0.0,0.0,0.0,0.0,0.0,0.009638116021094744,0.0,0.0,0.0,0.0,0.0,0.0,0.0,0.0,0.0,0.0,0.0,0.0,0.0,0.0,0.0,0.0,0.0,0.0,0.004000727404982724,0.0,0.0,0.0,0.0,0.0,0.008637934169849064,0.0,9.092562284051644e-05,0.0,0.011638479723586106,0.0,0.0,0.14338970721949446,0.0,0.0,0.01800327332242226,0.10611020185488272,0.28541553009638115,0.0,0.0,0.0,0.0,0.0,0.0,0.0,0.0,0.0,3
114,06TTminfd_antmovie200927204828,0.0,0.0,0.0,0.0,0.0,0.0,0.0,0.0,0.0,0.0,0.035294117647058816,0.0,0.0,0.3411764705882353,0.0,0.0,0.0,0.0,0.0,0.0,0.0,0.0,0.0,0.0,0.0,0.0,0.0,0.0,0.0,0.0,0.0,0.0,0.0,0.0,0.0,0.0,0.0,0.0,0.0,0.0,0.0,0.0,0.0,0.0,0.0,0.0,0.0,0.0,0.0,0.0,0.0,0.17647058823529413,0.0,0.0,0.0,0.25882352941176473,0.18823529411764706,0.0,0.0,0.0,0.0,0.0,0.0,0.0,0.0,0.0,1
115,09GWmajfr_antmovie201010222559,0.0,0.0,0.0,0.0,0.0,0.0,0.0,0.0,0.0,0.0,0.14320965894068916,0.0,0.0,0.2335419053494316,0.0,0.0,0.0,0.0,0.0,0.0,0.0,0.0,0.0,0.0,0.0,0.0,0.0,0.0,0.005904644399400722,0.0,0.0,0.0,0.0,0.0,0.0,0.0,0.0,0.0,0.0,0.0,0.0,0.0,0.0,0.0,0.011721159777914868,0.0,0.0,0.0,0.0,0.0,0.0,0.2153873270467965,0.0,0.0,0.0,0.3633559531153609,0.026879351370406274,0.0,0.0,0.0,0.0,0.0,0.0,0.0,0.0,0.0,3
116,03dRmajfd_antmovie200924200955,0.0,0.0,0.0,0.0,0.0,0.0,0.0,0.0,0.0,0.0,0.05712050078247261,0.0,0.0,0.09937402190923318,0.0,0.0,0.0,0.0,0.0,0.018779342723004692,0.0,0.0,0.0,0.0,0.0,0.0,0.0,0.0,0.0,0.0,0.0,0.0,0.0,0.0,0.0,0.0,0.0,0.0,0.12832550860719874,0.0,0.0,0.0,0.0,0.0,0.11815336463223787,0.0,0.13536776212832552,0.0,0.035211267605633804,0.0,0.0,0.08607198748043818,0.0,0.0,0.0,0.27543035993740217,0.046165884194053215,0.0,0.0,0.0,0.0,0.0,0.0,0.0,0.0,0.0,3
117,11GTmajfr_antmovie201010225056,0.0,0.0,0.0,0.0,0.0,0.0,0.0,0.0,0.0,0.0,0.18614718614718612,0.0,0.0,0.23637997222902885,0.0,0.0,0.0,0.0,0.0,0.007759536061422855,0.0,0.0,0.0,0.0,0.0,0.0,0.0,0.0,0.0003267173078493833,0.0,0.0,0.0,0.0,0.0,0.0,0.0,0.0,0.0,0.003267173078493833,0.0,0.0,0.0,0.0,0.0,0.0013885485583598788,0.0,0.0026954177897574125,0.0,0.005554194233439515,0.0,0.0,0.15870293228783794,0.0,0.0,0.0,0.3655149881564976,0.0322633341501266,0.0,0.0,0.0,0.0,0.0,0.0,0.0,0.0,0.0,3
118,04Ydmidfr_antmovie200924203448,0.0,0.0,0.0,0.0,0.0,0.0,0.0,0.0,0.0,0.0,0.14915920506660846,0.0,0.0,0.16444638567372788,0.0,0.0,0.0,0.0,0.0,0.0692290893208124,0.02380432408822887,0.0,0.0,0.0,0.0,0.0,0.0,0.0,0.0,0.0,0.04280410569993448,0.0,0.0,0.0,0.0,0.05809128630705394,0.017689451845381086,0.0,0.008517143481109412,0.0,0.0,0.0,0.031229526097401174,0.0,0.027298536798427604,0.0,0.0377811749290238,0.020310111378030137,0.02860886656475213,0.0,0.0,0.10024022712382616,0.0,0.0,0.0,0.13125136492683992,0.08953920069884254,0.0,0.0,0.0,0.0,0.0,0.0,0.0,0.0,0.0,2
119,10GPminfr_antmovie201010223744,0.0,0.0,0.0,0.0,0.0,0.0,0.0,0.0,0.0,0.0,0.1037593984962406,0.0,0.0,0.262406015037594,0.0,0.0,0.0,0.0,0.0,0.0,0.0,0.0,0.0,0.0,0.07443609022556391,0.0,0.0,0.0,0.0,0.0,0.0,0.0,0.056390977443609026,0.0,0.0,0.0,0.0,0.0,0.0,0.0,0.0,0.0,0.0,0.0,0.0,0.0,0.0,0.0,0.0,0.0,0.0,0.16917293233082706,0.0,0.0,0.0,0.2293233082706767,0.07067669172932331,0.0,0.0,0.0,0.0,0.0,0.0,0.0,0.0,0.03383458646616541,1
120,08GBmajfr_antmovie201010215602,0.0,0.0,0.0,0.0,0.0,0.0,0.0,0.0,0.0,0.010490427484920009,0.1094938368738526,0.0,0.0,0.26003147128245474,0.0,0.0,0.0,0.0,0.0,0.0003933910306845004,0.0,0.0,0.0,0.0,0.0,0.0,0.0,0.0,0.0,0.0,0.0,0.0,0.014030946761080514,0.0,0.0,0.0,0.0,0.0,0.04825596643063205,0.0,0.0,0.027537372147915032,0.0,0.0,0.003671649619722004,0.0,0.0,0.0,0.0011801730920535012,0.0,0.0,0.16286388670338314,0.0,0.0,0.0,0.13532651455546812,0.2267243640178337,0.0,0.0,0.0,0.0,0.0,0.0,0.0,0.0,0.0,3
121,06GRmidfr_antmovie201010210607,0.0,0.0,0.0,0.0,0.0,0.0,0.0,0.0,0.0,0.0,0.2380952380952381,0.0,0.0,0.2619047619047619,0.0,0.0,0.0,0.0,0.0,0.0,0.0,0.0,0.0,0.0,0.0,0.0,0.0,0.0,0.0,0.0,0.0,0.0,0.0,0.0,0.0,0.0,0.0,0.0,0.0,0.0,0.0,0.0,0.0,0.0,0.0,0.0,0.0,0.0,0.0,0.0,0.0,0.16666666666666666,0.0,0.0,0.0,0.19047619047619047,0.14285714285714285,0.0,0.0,0.0,0.0,0.0,0.0,0.0,0.0,0.0,2
122,08WBmajr_antmovie200929215724,0.0,0.0,0.0,0.0,0.0,0.0,0.0,0.0,0.0,0.0,0.07675753228120516,0.0,0.0,0.23536585365853654,0.0,0.0,0.0,0.0,0.0,0.0002152080344332855,0.0,0.0,0.0,0.0,0.0,0.0,0.0,0.01162123385939742,0.005667144906743186,0.0,0.0,0.0,0.0,0.0,0.0,0.0,0.011190817790530846,0.0028694404591104736,0.011190817790530846,0.0,0.0,0.0,0.0,0.0,7.173601147776183e-05,0.0,0.0,0.0,0.0035868005738880922,0.0,0.0,0.24210903873744616,0.0,0.0,0.0,0.38593974175035867,0.013414634146341465,0.0,0.0,0.0,0.0,0.0,0.0,0.0,0.0,0.0,3
123,15RTmidfr_antmovie200927233405,0.0,0.0,0.0,0.0,0.0,0.0,0.0,0.0,0.0,0.0,0.17415969366047368,0.0,0.0,0.2520209899305063,0.0,0.0,0.0,0.0,0.0,0.002978300950219827,0.0,0.0,0.0,0.0,0.0,0.0,0.0,0.0,0.0,0.0,0.0,0.0,0.0,0.0,0.0,0.0,0.0,0.0,0.0,0.0,0.0,0.0,0.0,0.0,0.0011345908381789815,0.0,0.0,0.0,0.0,0.0,0.0,0.20153169763154166,0.0,0.0,0.0,0.10892072046518224,0.2592540065238973,0.0,0.0,0.0,0.0,0.0,0.0,0.0,0.0,0.0,2
124,03YBmajfr_antmovie200928195842,0.0,0.0,0.0,0.0,0.0,0.0,0.0,0.0,0.0,0.0,0.08391608391608392,0.0,0.0,0.11997377622377622,0.0,0.0,0.0,0.0,0.0,0.06195367132867133,0.0,0.0,0.0,0.0,0.0,0.0,0.0,0.0,0.00021853146853146853,0.0,0.0,0.0,0.0,0.0,0.0,0.004479895104895105,0.0022945804195804195,0.011909965034965034,0.009287587412587412,0.0,0.0,0.0,0.0,0.0,0.09123688811188813,0.0,0.09670017482517483,0.0,0.06894667832167832,0.0,0.0,0.1447770979020979,0.0,0.0,0.0,0.16302447552447552,0.1412805944055944,0.0,0.0,0.0,0.0,0.0,0.0,0.0,0.0,0.0,3
125,03BPmajfr_antmovie200929200853,0.027229866256133932,0.0,0.0,0.0,0.0,0.0,0.0,0.0,0.0,0.0,0.10516693928605793,0.0,0.0,0.16722794188396034,0.0,0.0,0.0,0.0,0.0,0.041470220340613866,0.009140767824497258,0.0,0.0,0.0,0.0,0.0,0.0,0.0,9.621860867891851e-05,0.0,0.0,0.0,0.0,0.0,0.0,0.01087270278071779,0.007793707302992398,0.0,0.0,0.0,0.0,0.0,0.0,0.0,0.061387472337150015,0.0,0.01674203791013182,0.0,0.02694121043009718,0.0,0.0,0.1284518425863562,0.0,0.0,0.0,0.21187337631097852,0.1611661695371885,0.0,0.0,0.0,0.0,0.0244395266044453,0.0,0.0,0.0,0.0,3
126,05WOmajfd_antmovie201010205850,0.0,0.0,0.0,0.0,0.0,0.0,0.0,0.0,0.0,0.0,0.14187771092766194,0.0,0.0,0.21575486217993564,0.0,0.0,0.0,0.0,0.0,0.013432209318595215,0.0,0.0,0.0,0.0,0.0,0.0,0.0,0.0,0.0,0.0,0.0,0.0,0.0,0.0,0.0,0.0,0.01539107317755702,0.0,0.0067161046592976075,0.0,0.0,0.0,0.0,0.0,0.004757240800335805,0.0,0.0015391073177557016,0.0,0.0008395130824122008,0.0,0.0,0.20134322093185952,0.0,0.0,0.0,0.13754022666853224,0.2608087309360571,0.0,0.0,0.0,0.0,0.0,0.0,0.0,0.0,0.0,3
127,08dOminfd_antmovie200927211313,0.0,0.0,0.0,0.0,0.0,0.0,0.0,0.0,0.0,0.0,0.0,0.0,0.0,0.0851063829787234,0.0,0.0,0.0,0.0,0.0,0.010638297872340424,0.0,0.0,0.0,0.0,0.0,0.0,0.0,0.0,0.0,0.0,0.0,0.0,0.0,0.0,0.0,0.0,0.0,0.0,0.1914893617021277,0.0,0.0,0.0,0.0,0.0,0.05319148936170213,0.0,0.4148936170212766,0.0,0.0,0.0,0.0,0.010638297872340424,0.0,0.0,0.0,0.23404255319148934,0.0,0.0,0.0,0.0,0.0,0.0,0.0,0.0,0.0,0.0,1
